"site number","site location","cluster","site acronym","date","geosmin (ng/L)","Conductance (us/cm)","TP (ug/L)","DOC (mg/L)","UVA (cm-1)","Suva(L/mg-m)","TDN (mg/L)","MIB (ng/L)"
"APA1A","Apache Lake, upper","srp","Apache, eppi, upper",2012-02-15,0.79,1102,62,5.5,0.03,0.8,0.3,0.54
"APA1B","Apache Lake, upper","srp","Apache, hypo, upper",2012-02-15,0,1114,14,3.8,0.03,0.8,0.3,6.5
"APA2A","Apache Lake, lower","srp","Apache, eppi, lower",2012-02-15,1,1202,10,5.5,0.06,1.2,0.4,0.7
"APA2B","Apache Lake, lower","srp","Apache, hypo, lower",2012-02-15,1,1101,18,3.9,0.03,0.8,0.4,0.6
"Can1A","Canyon Lake, upper","srp","Canyon, eppi, upper",2012-02-15,0.79,1102,62,3.8,0.03,0.8,0.3,1.1
"Can1B","Canyon Lake, upper","srp","Canyon, hypo, upper",2012-02-15,13.87,1095,28,4.6,0.03,0.7,0.5,12.76
"Can2A","Canyon Lake, lower","srp","Canyon, eppi, lower",2012-02-15,9.68,1097,21.6,3.9,0.03,0.8,0.4,8.4
"Can2B","Canyon Lake, lower","srp","Canyon, hypo, lower",2012-02-15,2,1096,15.6,4.4,0.03,0.7,0.5,25.2
"Roos1A","Roosevelt Lake, upper","srp","Roosevelt, eppi, upper",2012-02-15,1.3,1387,16.8,3.7,0.03,0.8,0.3,1
"Roos1B","Roosevelt Lake, upper","srp","Roosevelt, hypo, upper",2012-02-15,1.11,1393,7.2,3.6,0.03,0.8,0.3,1.64
"Roos2A","Roosevelt Lake, lower","srp","Roosevelt, eppi, lower",2012-02-15,1.44,1352,5.2,3.6,0.03,0.8,0.3,0.86
"Roos2B","Roosevelt Lake, lower","srp","Roosevelt, hypo, lower",2012-02-15,1.1,1491,10,3.7,0.8,1,0.4,1
"APA1A","Apache Lake, upper","srp","Apache, eppi, upper",2012-05-16,4.2,993,28.2,6.3,0.1,1.2,0.6,4.5
"APA1B","Apache Lake, upper","srp","Apache, hypo, upper",2012-05-16,NA,1007,19,4,0.1,1.7,0.4,NA
"APA2A","Apache Lake, lower","srp","Apache, eppi, lower",2012-05-16,0,NA,11.8,4.1,0.1,1.7,0.3,2.9
"APA2B","Apache Lake, lower","srp","Apache, hypo, lower",2012-05-16,NA,NA,9,3.8,0.1,1.8,0.4,NA
"Can1A","Canyon Lake, upper","srp","Canyon, eppi, upper",2012-05-16,0,1005,14.6,4.5,0.1,1.7,0.5,2.2
"Can1B","Canyon Lake, upper","srp","Canyon, hypo, upper",2012-05-16,4.7,1009,14.4,6.5,0.1,1.2,1.1,3.9
"Can2A","Canyon Lake, lower","srp","Canyon, eppi, lower",2012-05-16,NA,1009,11.4,3.9,0.1,1.8,0.4,NA
"Can2B","Canyon Lake, lower","srp","Canyon, hypo, lower",2012-05-16,NA,1007,13.8,3.8,0.1,1.8,0.4,NA
"Roos1A","Roosevelt Lake, upper","srp","Roosevelt, eppi, upper",2012-05-16,NA,1235,NA,NA,NA,NA,NA,NA
"Roos1B","Roosevelt Lake, upper","srp","Roosevelt, hypo, upper",2012-05-16,NA,1255,NA,NA,NA,NA,NA,NA
"Roos2A","Roosevelt Lake, lower","srp","Roosevelt, eppi, lower",2012-05-16,NA,1229,NA,NA,NA,NA,NA,NA
"Roos2B","Roosevelt Lake, lower","srp","Roosevelt, hypo, lower",2012-05-16,1.1,1491,10,3.7,0.03,0.8,0.4,1
"APA1A","Apache Lake, upper","srp","Apache, eppi, upper",2012-08-15,0,1203,20,5.48,0.06,1.1,0.42,6.5
"APA1B","Apache Lake, upper","srp","Apache, hypo, upper",2012-08-15,0,1265,20,4.04,0.07,1.6,0.44,0
"APA2A","Apache Lake, lower","srp","Apache, eppi, lower",2012-08-15,0,1202,10,5.46,0.06,1.2,0.37,2.8
"APA2B","Apache Lake, lower","srp","Apache, hypo, lower",2012-08-15,0,1206,10,4.19,0.07,1.6,0.41,0
"Can1A","Canyon Lake, upper","srp","Canyon, eppi, upper",2012-08-15,0,1199,30,4,0.07,1.7,0.4,24.2
"Can1B","Canyon Lake, upper","srp","Canyon, hypo, upper",2012-08-15,0,1204,40,4.12,0.07,1.6,0.45,14.7
"Can2A","Canyon Lake, lower","srp","Canyon, eppi, lower",2012-08-15,2,1204,30,4.09,0.07,1.7,0.31,25.2
"Can2B","Canyon Lake, lower","srp","Canyon, hypo, lower",2012-08-15,0,1209,30,3.63,0.06,1.7,0.38,14.3
"Roos1A","Roosevelt Lake, upper","srp","Roosevelt, eppi, upper",2012-08-15,0,1579,20,4.44,0.058,1.3,0.44,35.4
"Roos1B","Roosevelt Lake, upper","srp","Roosevelt, hypo, upper",2012-08-15,0,1637,20,4.59,0.06,1.4,0.41,56.8
"Roos2A","Roosevelt Lake, lower","srp","Roosevelt, eppi, lower",2012-08-15,0,1393,10,4.53,0.05,1.1,0.43,15.9
"Roos2B","Roosevelt Lake, lower","srp","Roosevelt, hypo, lower",2012-08-15,0,1300,10,3.58,0.06,1.8,0.33,0
"APA1A","Apache Lake, upper","srp","Apache, eppi, upper",2012-11-15,2.54073602787457,1308,13.7,3.72408467394545,0.061,1.63798638701128,0.352774076833515,4.62322061327305
"APA1B","Apache Lake, upper","srp","Apache, hypo, upper",2012-11-15,2.19610819449601,1303,7.6,3.74348127847983,0.061,1.62949926718403,0.361161634673012,4.51216421018392
"APA2A","Apache Lake, lower","srp","Apache, eppi, lower",2012-11-15,1.14326458702235,1290,9.8,3.67037099985025,0.061,1.66195733353628,0.345737535021856,3.62857676954784
"APA2B","Apache Lake, lower","srp","Apache, hypo, lower",2012-11-15,1.12318917925272,1290,12.3,3.75392560399834,0.061,1.62496560760363,0.395837712720869,3.82637065534161
"Can1A","Canyon Lake, upper","srp","Canyon, eppi, upper",2012-11-15,1.97639400946178,1277,10.5,4.50591704133114,0.063,1.39816156005812,0.374728087285892,8.93172267472329
"Can1B","Canyon Lake, upper","srp","Canyon, hypo, upper",2012-11-15,1.38528478068949,1279,9.9,3.74049718547454,0.065,1.73773690439908,0.498514930836601,7.82764368926794
"Can2A","Canyon Lake, lower","srp","Canyon, eppi, lower",2012-11-15,1.59496126183891,1277,18.2,3.58681639570216,0.063,1.75643225216347,0.338926162548169,8.74446698776281
"Can2B","Canyon Lake, lower","srp","Canyon, hypo, lower",2012-11-15,1.38416948025784,1277,6.2,3.55995955865456,0.062,1.74159281807775,0.349340244429425,7.46772366757764
"Roos1A","Roosevelt Lake, upper","srp","Roosevelt, eppi, upper",2012-11-15,0.595652075084246,1688,7.9,3.43313560592978,0.059,1.71854557385074,0.293329371608618,2.69554085746332
"Roos1B","Roosevelt Lake, upper","srp","Roosevelt, hypo, upper",2012-11-15,0.595652075084246,1696,4.2,3.41821514090334,0.059,1.72604700312714,0.309597856277174,2.36804606295233
"Roos2A","Roosevelt Lake, lower","srp","Roosevelt, eppi, lower",2012-11-15,0.595652075084246,1573,2.5,3.43761174543771,0.058,1.68721787959259,0.269067375442017,2.47018552856715
"Roos2B","Roosevelt Lake, lower","srp","Roosevelt, hypo, lower",2012-11-15,1.24698752716541,1592,-0.1,3.36599351331078,0.058,1.72311680847392,0.5035,2.27725542685028
"APA1A","Apache Lake, upper","srp","Apache, eppi, upper",2013-02-06,0,1338,40,4.43,0.072,1.62528216704289,0.39,0.918860334838584
"APA1B","Apache Lake, upper","srp","Apache, hypo, upper",2013-02-06,0,1328,40,4.19,0.062,1.47971360381862,0.433,0.918860334838584
"APA2A","Apache Lake, lower","srp","Apache, eppi, lower",2013-02-06,0,1306,50,3.5,0.06,1.71428571428571,0.397,0.918860334838584
"APA2B","Apache Lake, lower","srp","Apache, hypo, lower",2013-02-06,0,1326,40,4.26,0.058,1.36150234741784,0.408,0.918860334838584
"Can1A","Canyon Lake, upper","srp","Canyon, eppi, upper",2013-02-06,0.930855679510113,1152,50,5.21,0.102,1.95777351247601,1.169,2.04863533477319
"Can1B","Canyon Lake, upper","srp","Canyon, hypo, upper",2013-02-06,0,1289,50,3.85,0.066,1.71428571428571,0.5521,1.75616604164446
"Can2A","Canyon Lake, lower","srp","Canyon, eppi, lower",2013-02-06,1.10929158536224,1149,50,4.82,0.102,2.11618257261411,0.6636,2.11362851102402
"Can2B","Canyon Lake, lower","srp","Canyon, hypo, lower",2013-02-06,0,1279,30,3.82,0.066,1.72774869109948,0.464,1.72436087028768
"Roos1A","Roosevelt Lake, upper","srp","Roosevelt, eppi, upper",2013-02-06,0.563859844778783,1407,60,5.25,0.15,2.85714285714286,0.626,1.91795756550291
"Roos1B","Roosevelt Lake, upper","srp","Roosevelt, hypo, upper",2013-02-06,0.638524514603433,1446,60,5.29,0.147,2.77882797731569,0.643,2.08735467381624
"Roos2A","Roosevelt Lake, lower","srp","Roosevelt, eppi, lower",2013-02-06,0,1164,30,5.89,0.164,2.78438030560272,0.663,1.684950114476
"Roos2B","Roosevelt Lake, lower","srp","Roosevelt, hypo, lower",2013-02-06,0,1641,20,3.53,0.064,1.81303116147309,0.372,0.918860334838584
"APA1A","Apache Lake, upper","srp","Apache, eppi, upper",2013-05-08,1.14791756155635,1383,10,4.45,0.068,1.52808988764045,0.5,4.29393001749381
"APA1B","Apache Lake, upper","srp","Apache, hypo, upper",2013-05-08,0.257024235206018,1355,20,3.74,0.063,1.68449197860963,0.5,1.04049499035698
"APA2A","Apache Lake, lower","srp","Apache, eppi, lower",2013-05-08,0.90234206577831,1420,0,5.38,0.065,1.20817843866171,0.45,1.95489374920665
"APA2B","Apache Lake, lower","srp","Apache, hypo, lower",2013-05-08,0.257024235206018,1352,0,5.13,0.062,1.20857699805068,0.47,1.04049499035698
"Can1A","Canyon Lake, upper","srp","Canyon, eppi, upper",2013-05-08,5.20809909175327,1203,30,4.18,0.078,1.86602870813397,0.34,4.29074765522403
"Can1B","Canyon Lake, upper","srp","Canyon, hypo, upper",2013-05-08,1.26115515127622,1212,20,4.38,0.081,1.84931506849315,0.38,1.71197342928023
"Can2A","Canyon Lake, lower","srp","Canyon, eppi, lower",2013-05-08,1.86281511593242,1208,20,4.13,0.08,1.93704600484262,0.38,3.09205786694082
"Can2B","Canyon Lake, lower","srp","Canyon, hypo, lower",2013-05-08,1.52173803846292,1216,10,4.04,0.076,1.88118811881188,0.39,2.33889879642658
"Roos1A","Roosevelt Lake, upper","srp","Roosevelt, eppi, upper",2013-05-08,0.257024235206018,1267,0,4.05,0.097,2.39506172839506,0.35,2.90748085529367
"Roos1B","Roosevelt Lake, upper","srp","Roosevelt, hypo, upper",2013-05-08,0.257024235206018,1495,10,4.96,0.088,1.7741935483871,0.84,1.04049499035698
"Roos2A","Roosevelt Lake, lower","srp","Roosevelt, eppi, lower",2013-05-08,0.257024235206018,1371,0,5.87,0.089,1.51618398637138,0.41,1.04049499035698
"Roos2B","Roosevelt Lake, lower","srp","Roosevelt, hypo, lower",2013-05-08,0.257024235206018,1385,10,3.96,0.072,1.81818181818182,0.52,1.04049499035698
"APA1A","Apache Lake, upper","srp","Apache, eppi, upper",2013-08-05,1.13124602905425,1486,30,4.51177537034309,0.06,1.32985344071856,0.34,17.2478528315098
"APA1B","Apache Lake, upper","srp","Apache, hypo, upper",2013-08-05,0.419906265110068,1597,30,3.68577610104574,0.066,1.79066764205439,0.37,2.42820849470909
"APA2A","Apache Lake, lower","srp","Apache, eppi, lower",2013-08-05,1.37249498000431,1466,20,4.43065044210853,0.059,1.33163292322204,0.3,5.24340232385532
"APA2B","Apache Lake, lower","srp","Apache, hypo, lower",2013-08-05,0.419906265110068,1604,20,3.74920104493821,0.065,1.7337027068142,0.29,1.19565490505346
"Can1A","Canyon Lake, upper","srp","Canyon, eppi, upper",2013-08-05,1.62063675812437,1466,50,4.36722549821606,0.073,1.67154180680204,0.28,4.55151509873771
"Can1B","Canyon Lake, upper","srp","Canyon, hypo, upper",2013-08-05,0.993389485654215,1563,40,4.35100051256914,0.071,1.63180858735584,0.55,2.16408986835431
"Can2A","Canyon Lake, lower","srp","Canyon, eppi, lower",2013-08-05,1.65510089397438,1446,40,4.41737545385197,0.077,1.74311649087595,0.32,4.71309355250769
"Can2B","Canyon Lake, lower","srp","Canyon, hypo, lower",2013-08-05,0.419906265110068,1216,30,3.91440089879768,0.07,1.78826854504097,0.4,2.38367084399044
"Roos1A","Roosevelt Lake, upper","srp","Roosevelt, eppi, upper",2013-08-05,0.419906265110068,1655,30,4.05157577744885,0.08,1.97454038612042,0.31,4.35782810607753
"Roos1B","Roosevelt Lake, upper","srp","Roosevelt, hypo, upper",2013-08-05,0.419906265110068,1655,30,4.54717533902727,0.082,1.80331730989598,0.42,4.40754455339138
"Roos2A","Roosevelt Lake, lower","srp","Roosevelt, eppi, lower",2013-08-05,0.419906265110068,1539,20,5.0811248666802,0.072,1.41700906569222,0.34,6.13519109754734
"Roos2B","Roosevelt Lake, lower","srp","Roosevelt, hypo, lower",2013-08-05,0.419906265110068,1590,10,3.75952603580443,0.074,1.96833322326404,0.37,1.19565490505346
"APA1A","Apache Lake, upper","srp","Apache, eppi, upper",2013-11-06,0.462198154522265,1612,80,3.84672944015931,0.065,1.68974712183834,0.357244538657212,6.97414153809784
"APA1B","Apache Lake, upper","srp","Apache, hypo, upper",2013-11-06,0.652916709292816,1614,60,4.10307732735184,0.066,1.60854877289376,0.463738985347073,6.22775085700432
"APA2A","Apache Lake, lower","srp","Apache, eppi, lower",2013-11-06,0.558919707298759,1611,90,3.60119140363153,0.067,1.86049538862154,0.401472395526721,7.48962059641403
"APA2B","Apache Lake, lower","srp","Apache, hypo, lower",2013-11-06,0.568455635037286,1615,90,3.53787656402373,0.065,1.83726025551535,0.361499522177178,7.49153687544123
"Can1A","Canyon Lake, upper","srp","Canyon, eppi, upper",2013-11-06,1.50978793036908,1574,150,3.48691583946136,0.068,1.9501474406249,0.362937826465617,8.865508937942
"Can1B","Canyon Lake, upper","srp","Canyon, hypo, upper",2013-11-06,1.57653942453877,1592,120,4.19110039705048,0.071,1.69406583650362,0.420769644729948,7.07474618702572
"Can2A","Canyon Lake, lower","srp","Canyon, eppi, lower",2013-11-06,2.22362023536743,1621,30,3.98571323442032,0.069,1.73118325232536,0.386909564606273,9.98557402933908
"Can2B","Canyon Lake, lower","srp","Canyon, hypo, lower",2013-11-06,2.14733281345921,1576,60,3.65524065695525,0.069,1.88770060512173,0.435572193031803,8.08175081581813
"Roos1A","Roosevelt Lake, upper","srp","Roosevelt, eppi, upper",2013-11-06,0.0385305078533964,1620,80,3.71237843904034,0.079,2.12801580704207,0.310080143865472,3.9684578839382
"Roos1B","Roosevelt Lake, upper","srp","Roosevelt, hypo, upper",2013-11-06,0.0385305078533964,1624,40,3.5888372885861,0.077,2.14554168406826,0.293839291275178,2.92408581411543
"Roos2A","Roosevelt Lake, lower","srp","Roosevelt, eppi, lower",2013-11-06,0.0385305078533964,1579,50,3.73399814036983,0.075,2.00857089855357,0.340224604577346,3.52962998670992
"Roos2B","Roosevelt Lake, lower","srp","Roosevelt, hypo, lower",2013-11-06,0.0385305078533964,1575,50,3.55331920783051,0.075,2.11070257450333,0.309301062375901,3.37920208307489
"APA1A","Apache Lake, upper","srp","Apache, eppi, upper",2014-02-05,1.45806349295589,1595,10,4.0281542633091,0.062,1.53916647544346,0.426668230040644,1.82464067814663
"APA1B","Apache Lake, upper","srp","Apache, hypo, upper",2014-02-05,1.45806349295589,1588,10,3.72981491490597,0.06,1.60865891120264,0.395871181172216,1.82464067814663
"APA2A","Apache Lake, lower","srp","Apache, eppi, lower",2014-02-05,1.45806349295589,1585,0,3.70419992034611,0.055,1.48480106858976,0.425677971234585,1.82464067814663
"APA2B","Apache Lake, lower","srp","Apache, hypo, lower",2014-02-05,1.45806349295589,1597,0,4.05527602225484,0.061,1.50421326847395,0.450335415505449,1.82464067814663
"Can1A","Canyon Lake, upper","srp","Canyon, eppi, upper",2014-02-05,1.45806349295589,1535,0,4.01911367699385,0.067,1.66703421163528,0.528961964706518,1.82464067814663
"Can1B","Canyon Lake, upper","srp","Canyon, hypo, upper",2014-02-05,1.45806349295589,1568,10,4.48771740100078,0.068,1.51524692675247,0.535497672826506,1.82464067814663
"Can2A","Canyon Lake, lower","srp","Canyon, eppi, lower",2014-02-05,1.45806349295589,1539,60,4.10499924698869,0.068,1.65651674722919,0.51737593667563,1.82464067814663
"Can2B","Canyon Lake, lower","srp","Canyon, hypo, lower",2014-02-05,1.45806349295589,1531,20,3.97240398103175,0.067,1.68663611052465,0.521435997780471,1.82464067814663
"Roos1A","Roosevelt Lake, upper","srp","Roosevelt, eppi, upper",2014-02-05,1.45806349295589,1669,0,3.8337816575313,0.07,1.82587341306952,0.349329017287452,2.64356735222516
"Roos1B","Roosevelt Lake, upper","srp","Roosevelt, hypo, upper",2014-02-05,1.45806349295589,1680,0,4.1923915813694,0.074,1.76510229456736,0.492421414762948,2.7132867852886
"Roos2A","Roosevelt Lake, lower","srp","Roosevelt, eppi, lower",2014-02-05,1.45806349295589,1627,0,3.66502404631337,0.069,1.88266159043095,0.361311148840764,2.17987778946989
"Roos2B","Roosevelt Lake, lower","srp","Roosevelt, hypo, lower",2014-02-05,1.45806349295589,1636,0,3.64242258052526,0.069,1.89434362637983,0.39864390582918,2.07253199570554
"APA1A","Apache Lake, upper","srp","Apache, eppi, upper",2014-05-07,2.65236225079978,1637,10,3.89,0.059,1.51670951156812,0.29,2.1036978128852
"APA1B","Apache Lake, upper","srp","Apache, hypo, upper",2014-05-07,1.88795641916149,1637,20,3.62,0.061,1.68508287292818,0.32,1.26155630171656
"APA2A","Apache Lake, lower","srp","Apache, eppi, lower",2014-05-07,2.85566167410784,1644,0,4.04,0.061,1.50990099009901,0.34,1.37422703562935
"APA2B","Apache Lake, lower","srp","Apache, hypo, lower",2014-05-07,1.55129257416335,1630,0,3.83,0.062,1.61879895561358,0.4,0.680868673089132
"Can1A","Canyon Lake, upper","srp","Canyon, eppi, upper",2014-05-07,1.34636675546883,1583,30,3.71,0.066,1.77897574123989,0.3,1.29333522666632
"Can1B","Canyon Lake, upper","srp","Canyon, hypo, upper",2014-05-07,1.01295570124362,1581,20,3.6,0.074,2.05555555555556,0.38,1.38144951857248
"Can2A","Canyon Lake, lower","srp","Canyon, eppi, lower",2014-05-07,1.11053942443148,1591,20,3.79,0.067,1.76781002638522,0.33,0.712647598038892
"Can2B","Canyon Lake, lower","srp","Canyon, hypo, lower",2014-05-07,0.965790235036147,1594,10,3.57,0.067,1.87675070028011,0.39,1.27600126760282
"Roos1A","Roosevelt Lake, upper","srp","Roosevelt, eppi, upper",2014-05-07,1.33986117392297,1845,0,4.15,0.068,1.63855421686747,0.32,4.29355464124139
"Roos1B","Roosevelt Lake, upper","srp","Roosevelt, hypo, upper",2014-05-07,1.12680337829613,1860,10,4.21,0.066,1.56769596199525,0.4,2.86350301850219
"Roos2A","Roosevelt Lake, lower","srp","Roosevelt, eppi, lower",2014-05-07,2.56616329531717,1729,0,4.06,0.067,1.65024630541872,0.38,3.28529602238082
"Roos2B","Roosevelt Lake, lower","srp","Roosevelt, hypo, lower",2014-05-07,1.13493535522845,1705,10,4,0.065,1.625,0.38,0.920655106800958
"APA1A","Apache Lake, upper","srp","Apache, eppi, upper",2014-08-06,1.04634070635319,1678,22,9.728,0.066,0.678453947368421,0.301,11.7382020448809
"APA1B","Apache Lake, upper","srp","Apache, hypo, upper",2014-08-06,0.34940082526022,1687,8,9.698,0.073,0.752732522169519,0.2877,3.59636746155655
"APA2A","Apache Lake, lower","srp","Apache, eppi, lower",2014-08-06,NA,1684,10,9.558,0.063,0.659133709981168,0.2937,NA
"APA2B","Apache Lake, lower","srp","Apache, hypo, lower",2014-08-06,NA,1688,10,11.6,0.058,0.5,0.2368,NA
"Can1A","Canyon Lake, upper","srp","Canyon, eppi, upper",2014-08-06,1.07965033302307,1675,24,10.99,0.062,0.564149226569609,0.2746,0.942129387392818
"Can1B","Canyon Lake, upper","srp","Canyon, hypo, upper",2014-08-06,0.979721453013417,1673,20,9.426,0.069,0.732017823042648,0.3985,2.34717741262936
"Can2A","Canyon Lake, lower","srp","Canyon, eppi, lower",2014-08-06,1.11039768071835,1675,10,8.854,0.061,0.6889541450192,0.332,2.84964491834309
"Can2B","Canyon Lake, lower","srp","Canyon, hypo, lower",2014-08-06,0.879792573003764,1703,12,8.615,0.063,0.731282646546721,0.2978,2.64726217298617
"Roos1A","Roosevelt Lake, upper","srp","Roosevelt, eppi, upper",2014-08-06,NA,2140,12,6.937,0.097,1.39829897650281,0.2927,NA
"Roos1B","Roosevelt Lake, upper","srp","Roosevelt, hypo, upper",2014-08-06,NA,2300,14,14.27,0.102,0.714786264891381,0.3291,NA
"Roos2A","Roosevelt Lake, lower","srp","Roosevelt, eppi, lower",2014-08-06,NA,1927,10,5.256,0.059,1.12252663622527,0.2753,NA
"Roos2B","Roosevelt Lake, lower","srp","Roosevelt, hypo, lower",2014-08-06,NA,1768,12,12.25,0.089,0.726530612244898,0.2526,NA
"APA1A","Apache Lake, upper","srp","Apache, eppi, upper",2014-11-05,0.47877575007222,1694,84,3.4,0.059,1.8,0.215,20.6100337978665
"APA1B","Apache Lake, upper","srp","Apache, hypo, upper",2014-11-05,0.47877575007222,1694,56,3.8,0.06,1.6,0.229,20.2534991959686
"APA2A","Apache Lake, lower","srp","Apache, eppi, lower",2014-11-05,0.47877575007222,1693,94,3.4,0.061,1.8,0.234,20.7035510704954
"APA2B","Apache Lake, lower","srp","Apache, hypo, lower",2014-11-05,0.47877575007222,1692,72,3.6,0.061,1.7,0.263,19.268645418595
"Can1A","Canyon Lake, upper","srp","Canyon, eppi, upper",2014-11-05,1.11202424584411,1659,134,3.8,0.069,1.8,0.275,6.11777895514905
"Can1B","Canyon Lake, upper","srp","Canyon, hypo, upper",2014-11-05,0.47877575007222,1660,128,4,0.071,1.8,0.389,6.47431355704692
"Can2A","Canyon Lake, lower","srp","Canyon, eppi, lower",2014-11-05,1.27252501666187,1655,113,3.8,0.07,1.8,0.306,6.01257202344148
"Can2B","Canyon Lake, lower","srp","Canyon, hypo, lower",2014-11-05,1.32213434582372,1657,53,3.6,0.068,1.9,0.286,6.51230494905243
"Roos1A","Roosevelt Lake, upper","srp","Roosevelt, eppi, upper",2014-11-05,0.47877575007222,1965,56,3.6,0.069,1.9,0.206,5.87229611449806
"Roos1B","Roosevelt Lake, upper","srp","Roosevelt, hypo, upper",2014-11-05,0.47877575007222,1967,73,3.7,0.07,1.9,0.308,5.91028750650357
"Roos2A","Roosevelt Lake, lower","srp","Roosevelt, eppi, lower",2014-11-05,0.47877575007222,1931,85,3.6,0.064,1.8,0.268,19.8911197645314
"Roos2B","Roosevelt Lake, lower","srp","Roosevelt, hypo, lower",2014-11-05,0.47877575007222,1898,14,4.3,0.063,1.5,0.247,15.0866698832192
"APA1A","Apache Lake, upper","srp","Apache, eppi, upper",2015-02-04,1.1753524372282,1738,21,2.709,0.057,2.10409745293466,NA,1.65701636880135
"APA1B","Apache Lake, upper","srp","Apache, hypo, upper",2015-02-04,NA,NA,NA,NA,NA,NA,NA,NA
"APA2A","Apache Lake, lower","srp","Apache, eppi, lower",2015-02-04,1.31444125266165,1749,29,2.859,0.055,1.92374956278419,NA,0.997240588065146
"APA2B","Apache Lake, lower","srp","Apache, hypo, lower",2015-02-04,NA,NA,NA,NA,NA,NA,NA,NA
"Can1A","Canyon Lake, upper","srp","Canyon, eppi, upper",2015-02-04,1.48191554063252,1698,21,3.206,0.068,2.12102308172177,NA,0.997240588065146
"Can1B","Canyon Lake, upper","srp","Canyon, hypo, upper",2015-02-04,1.69196803740956,1703,122,3.053,0.064,2.09629872256797,NA,0.997240588065146
"Can2A","Canyon Lake, lower","srp","Canyon, eppi, lower",2015-02-04,1.42798314281139,1707,10,2.952,0.065,2.20189701897019,NA,0.997240588065146
"Can2B","Canyon Lake, lower","srp","Canyon, hypo, lower",2015-02-04,1.43366023731888,1712,16,3.076,0.064,2.08062418725618,NA,0.997240588065146
"Roos1A","Roosevelt Lake, upper","srp","Roosevelt, eppi, upper",2015-02-04,1.16399824821323,2010,26,2.883,0.071,2.46271245230662,NA,2.36879418151676
"Roos1B","Roosevelt Lake, upper","srp","Roosevelt, hypo, upper",2015-02-04,NA,NA,NA,NA,NA,NA,NA,NA
"Roos2A","Roosevelt Lake, lower","srp","Roosevelt, eppi, lower",2015-02-04,1.20373790976564,1913,24,3.049,0.076,2.49262053132174,NA,1.9885293226688
"Roos2B","Roosevelt Lake, lower","srp","Roosevelt, hypo, lower",2015-02-04,NA,NA,NA,NA,NA,NA,NA,NA
"APA1A","Apache Lake, upper","srp","Apache, eppi, upper",2015-05-06,0.859087558903697,1768,9,4.5,0.052,1.1,0.214,3.57107263863886
"APA1B","Apache Lake, upper","srp","Apache, hypo, upper",2015-05-06,1.16202353314475,1759,6,4.7,0.054,1.1,0.234,1.20851082851379
"APA2A","Apache Lake, lower","srp","Apache, eppi, lower",2015-05-06,0.242492213103315,1769,7,5.3,0.052,1,0.217,3.39375563174787
"APA2B","Apache Lake, lower","srp","Apache, hypo, lower",2015-05-06,0.242492213103315,1763,2,4.7,0.054,1.1,0.208,1.44077113331467
"Can1A","Canyon Lake, upper","srp","Canyon, eppi, upper",2015-05-06,1.07623635459861,1727,6,5.4,0.059,1.1,0.221,4.54007261995865
"Can1B","Canyon Lake, upper","srp","Canyon, hypo, upper",2015-05-06,0.242492213103315,1725,6,7,0.063,0.9,0.372,1.30091546590769
"Can2A","Canyon Lake, lower","srp","Canyon, eppi, lower",2015-05-06,0.242492213103315,1700,14,6,0.059,1,0.254,3.7908458302784
"Can2B","Canyon Lake, lower","srp","Canyon, hypo, lower",2015-05-06,0.242492213103315,1726,0,5.5,0.058,1.1,0.337,2.14504431561411
"Roos1A","Roosevelt Lake, upper","srp","Roosevelt, eppi, upper",2015-05-06,1.35772553420314,1855,0,7.1,0.069,1,0.217,1.30591031117223
"Roos1B","Roosevelt Lake, upper","srp","Roosevelt, hypo, upper",2015-05-06,0.242492213103315,1884,0,5.9,0.068,1.2,0.204,1.08863454216495
"Roos2A","Roosevelt Lake, lower","srp","Roosevelt, eppi, lower",2015-05-06,1.11912994387168,1821,0,5.8,0.068,1.2,0.221,1.40081237119839
"Roos2B","Roosevelt Lake, lower","srp","Roosevelt, hypo, lower",2015-05-06,0.242492213103315,2010,38,5.1,0.059,1.2,0.357,0.626611355195465
"APA1A","Apache Lake, upper","srp","Apache, eppi, upper",2015-08-05,0.333231801338093,1955,12,4.575,0.062,1.3551912568306,0.2367,10.8975753087681
"APA1B","Apache Lake, upper","srp","Apache, hypo, upper",2015-08-05,-1.19464952826019,2000,21,3.145,0.063,2.00317965023847,0.2092,2.03562657668338
"APA2A","Apache Lake, lower","srp","Apache, eppi, lower",2015-08-05,0.287687532233083,1925,29,3.866,0.059,1.52612519399897,0.2165,12.4329959838456
"APA2B","Apache Lake, lower","srp","Apache, hypo, lower",2015-08-05,-1.19464952826019,1976,8,3.259,0.065,1.99447683338447,0.3749,2.2299312932387
"Can1A","Canyon Lake, upper","srp","Canyon, eppi, upper",2015-08-05,0.983741456290791,1830,9,3.279,0.061,1.86032326928942,0.2987,5.76048933447789
"Can1B","Canyon Lake, upper","srp","Canyon, hypo, upper",2015-08-05,-1.19464952826019,1857,10,3.527,0.062,1.75786787638219,0.2784,3.28165724838068
"Can2A","Canyon Lake, lower","srp","Canyon, eppi, lower",2015-08-05,0.829062806500189,1840,11,3.004,0.059,1.96404793608522,0.2354,6.80560066097118
"Can2B","Canyon Lake, lower","srp","Canyon, hypo, lower",2015-08-05,0.424320339548114,1838,23,2.97,0.06,2.02020202020202,0.2566,4.60789029244336
"Roos1A","Roosevelt Lake, upper","srp","Roosevelt, eppi, upper",2015-08-05,-1.19464952826019,2040,15,3.048,0.071,2.32939632545932,0.2319,3.65124962412633
"Roos1B","Roosevelt Lake, upper","srp","Roosevelt, hypo, upper",2015-08-05,-1.19464952826019,2050,34,3.463,0.079,2.28125902396766,0.2086,3.34697670628651
"Roos2A","Roosevelt Lake, lower","srp","Roosevelt, eppi, lower",2015-08-05,-1.19464952826019,2010,2,2.875,0.061,2.12173913043478,0.1663,6.96517857712087
"Roos2B","Roosevelt Lake, lower","srp","Roosevelt, hypo, lower",2015-08-05,-1.19464952826019,1945,3,2.826,0.068,2.40622788393489,0.1674,1.93888763269627
"APA1A","Apache Lake, upper","srp","Apache, eppi, upper",2015-11-04,1.85838279033013,2000,16,3.531,0.065,1.84083828943642,0.1789,24.701896868062
"APA1B","Apache Lake, upper","srp","Apache, hypo, upper",2015-11-04,1.40769481894166,1999,86,3.253,0.065,1.99815554872425,0.3806,12.3763823450879
"APA2A","Apache Lake, lower","srp","Apache, eppi, lower",2015-11-04,1.6952337446875,2040,11,4.512,0.059,1.30762411347518,0.1837,22.3425993815176
"APA2B","Apache Lake, lower","srp","Apache, hypo, lower",2015-11-04,0.927261441441546,1982,23,3.222,0.069,2.1415270018622,0.236,7.24944742240484
"Can1A","Canyon Lake, upper","srp","Canyon, eppi, upper",2015-11-04,3.04639628291014,1932,21,3.177,0.06,1.88857412653447,0.2377,12.5143105058397
"Can1B","Canyon Lake, upper","srp","Canyon, hypo, upper",2015-11-04,1.90435296341175,1948,17,3.927,0.065,1.65520753756048,0.3345,3.57438787605682
"Can2A","Canyon Lake, lower","srp","Canyon, eppi, lower",2015-11-04,1.90435296341175,2230,18,3.415,0.056,1.6398243045388,0.2831,3.57438787605682
"Can2B","Canyon Lake, lower","srp","Canyon, hypo, lower",2015-11-04,2.46681155170457,1935,73,3.371,0.057,1.69089291011569,0.2743,6.80390316629203
"Roos1A","Roosevelt Lake, upper","srp","Roosevelt, eppi, upper",2015-11-04,1.06246783285809,2060,27,2.973,0.059,1.98452741338715,0.1503,5.3601945889489
"Roos1B","Roosevelt Lake, upper","srp","Roosevelt, hypo, upper",2015-11-04,1.04534168994533,2090,17,3.949,0.06,1.5193719929096,0.1467,3.98454266987147
"Roos2A","Roosevelt Lake, lower","srp","Roosevelt, eppi, lower",2015-11-04,1.64295394000644,2050,7,3.012,0.057,1.89243027888446,0.1458,2.20781017808149
"Roos2B","Roosevelt Lake, lower","srp","Roosevelt, hypo, lower",2015-11-04,NA,NA,NA,NA,NA,NA,NA,NA
"APA1A","Apache Lake, upper","srp","Apache, eppi, upper",2016-02-03,3.20535033954688,2020,0,2.453,0.06,2.44598450876478,0.2909,3.22334449053717
"APA1B","Apache Lake, upper","srp","Apache, hypo, upper",2016-02-03,1.88164161361571,2010,5,2.72,0.059,2.16911764705882,0.2872,4.11111031602281
"APA2A","Apache Lake, lower","srp","Apache, eppi, lower",2016-02-03,0.895122155570929,2010,2,2.446,0.058,2.37121831561733,0.3022,1.1347168564705
"APA2B","Apache Lake, lower","srp","Apache, hypo, lower",2016-02-03,-0.698337984669365,2020,46,2.412,0.059,2.44610281923715,0.3251,0.831528974105982
"Can1A","Canyon Lake, upper","srp","Canyon, eppi, upper",2016-02-03,-0.698337984669365,1770,4,2.902,0.1,3.44589937973811,0.418,1.52905926555899
"Can1B","Canyon Lake, upper","srp","Canyon, hypo, upper",2016-02-03,-0.698337984669365,1773,5,3.021,0.099,3.27706057596822,0.4234,2.09778424751073
"Can2A","Canyon Lake, lower","srp","Canyon, eppi, lower",2016-02-03,-0.698337984669365,1796,9,2.926,0.096,3.28092959671907,0.3966,-0.815197367364039
"Can2B","Canyon Lake, lower","srp","Canyon, hypo, lower",2016-02-03,-0.698337984669365,1787,4,2.93,0.094,3.20819112627986,0.3996,-0.815197367364039
"Roos1A","Roosevelt Lake, upper","srp","Roosevelt, eppi, upper",2016-02-03,-0.698337984669365,1879,6,2.496,0.085,3.40544871794872,0.2637,2.88250582539536
"Roos1B","Roosevelt Lake, upper","srp","Roosevelt, hypo, upper",2016-02-03,-0.698337984669365,1884,0,2.517,0.081,3.2181168057211,0.326,1.87584279113932
"Roos2A","Roosevelt Lake, lower","srp","Roosevelt, eppi, lower",2016-02-03,-0.698337984669365,1914,0,2.359,0.071,3.00974989402289,0.2798,2.87457934481066
"Roos2B","Roosevelt Lake, lower","srp","Roosevelt, hypo, lower",2016-02-03,-0.698337984669365,1940,0,2.479,0.074,2.98507462686567,0.3257,2.60904224522344
"APA1A","Apache Lake, upper","srp","Apache, eppi, upper",2016-05-04,0.974751698172892,1991,12,5.08609375408507,0.061,1.19934871336191,NA,2.17470936574221
"APA1B","Apache Lake, upper","srp","Apache, hypo, upper",2016-05-04,-0.297389162528164,1919,16,3.32552485032288,0.061,1.83429692290759,NA,0.0217028981382086
"APA2A","Apache Lake, lower","srp","Apache, eppi, lower",2016-05-04,0.641181781123847,1992,6,3.09676069962613,0.059,1.90521663514791,NA,1.59147501066376
"APA2B","Apache Lake, lower","srp","Apache, hypo, lower",2016-05-04,0.54241957027319,1989,6,4.27352349081022,0.06,1.40399368645157,NA,1.20222199344695
"Can1A","Canyon Lake, upper","srp","Canyon, eppi, upper",2016-05-04,-0.608853061335581,1830,22,NA,NA,NA,NA,1.75692546439054
"Can1B","Canyon Lake, upper","srp","Canyon, hypo, upper",2016-05-04,NA,NA,NA,NA,NA,NA,NA,NA
"Can2A","Canyon Lake, lower","srp","Canyon, eppi, lower",2016-05-04,NA,NA,NA,NA,NA,NA,NA,NA
"Can2B","Canyon Lake, lower","srp","Canyon, hypo, lower",2016-05-04,NA,NA,NA,NA,NA,NA,NA,NA
"Roos1A","Roosevelt Lake, upper","srp","Roosevelt, eppi, upper",2016-05-04,9.39813446994551,1627,11,2.71871160030328,0.068,2.50118475208678,NA,2.77916266982548
"Roos1B","Roosevelt Lake, upper","srp","Roosevelt, hypo, upper",2016-05-04,-1.10068447216424,1644,13,4.18410938848074,0.067,1.60129656706532,NA,0.0217028981382086
"Roos2A","Roosevelt Lake, lower","srp","Roosevelt, eppi, lower",2016-05-04,0.891496694148452,1736,8,2.87348688854611,0.068,2.36646285984642,NA,1.49785356674384
"Roos2B","Roosevelt Lake, lower","srp","Roosevelt, hypo, lower",2016-05-04,-0.506901424967475,1860,7,4.33783889774896,0.066,1.52149495533938,NA,0.0217028981382086
"APA1A","Apache Lake, upper","srp","Apache, eppi, upper",2016-08-03,1.94332284585936,1947,21,NA,NA,NA,NA,14.1571530783481
"APA1B","Apache Lake, upper","srp","Apache, hypo, upper",2016-08-03,0.129873957478701,1933,55,NA,NA,NA,NA,4.5878617447237
"APA2A","Apache Lake, lower","srp","Apache, eppi, lower",2016-08-03,0.129873957478701,1939,12,NA,NA,NA,NA,6.63676834660181
"APA2B","Apache Lake, lower","srp","Apache, hypo, lower",2016-08-03,0.129873957478701,1926,10,NA,NA,NA,NA,1.8920639062615
"Can1A","Canyon Lake, upper","srp","Canyon, eppi, upper",2016-08-03,1.80414740420709,2060,23,NA,NA,NA,NA,2.83780949621181
"Can1B","Canyon Lake, upper","srp","Canyon, hypo, upper",2016-08-03,1.22487664705982,1916,12,NA,NA,NA,NA,1.96176526226149
"Can2A","Canyon Lake, lower","srp","Canyon, eppi, lower",2016-08-03,1.92817519004768,1916,14,NA,NA,NA,NA,2.28019864821196
"Can2B","Canyon Lake, lower","srp","Canyon, hypo, lower",2016-08-03,1.54399404030048,1913,13,NA,NA,NA,NA,2.12857861987942
"Roos1A","Roosevelt Lake, upper","srp","Roosevelt, eppi, upper",2016-08-03,1.2841456627525,2010,25,NA,NA,NA,NA,11.786210548524
"Roos1B","Roosevelt Lake, upper","srp","Roosevelt, hypo, upper",2016-08-03,0.129873957478701,2030,27,NA,NA,NA,NA,9.90912953660542
"Roos2A","Roosevelt Lake, lower","srp","Roosevelt, eppi, lower",2016-08-03,1.11975801545395,1818,10,NA,NA,NA,NA,18.6396551143199
"Roos2B","Roosevelt Lake, lower","srp","Roosevelt, hypo, lower",2016-08-03,0.129873957478701,1843,11,NA,NA,NA,NA,2.4506145478254
"APA1A","Apache Lake, upper","srp","Apache, eppi, upper",2016-11-09,-0.133707925813304,1889,0,NA,0.058,NA,NA,21.8282600895879
"APA1B","Apache Lake, upper","srp","Apache, hypo, upper",2016-11-09,-0.133707925813304,1893,0,NA,0.058,NA,NA,14.1120108044485
"APA2A","Apache Lake, lower","srp","Apache, eppi, lower",2016-11-09,-0.133707925813304,1912,0,NA,0.06,NA,NA,28.0176322707998
"APA2B","Apache Lake, lower","srp","Apache, hypo, lower",2016-11-09,-0.133707925813304,1895,0,NA,0.059,NA,NA,27.0854259162723
"Can1A","Canyon Lake, upper","srp","Canyon, eppi, upper",2016-11-09,2.06922581393345,1904,0,NA,0.062,NA,NA,4.13796374445129
"Can1B","Canyon Lake, upper","srp","Canyon, hypo, upper",2016-11-09,1.50383426104714,1907,2,NA,0.063,NA,NA,4.5200488465948
"Can2A","Canyon Lake, lower","srp","Canyon, eppi, lower",2016-11-09,1.59996994432209,1888,0,NA,0.061,NA,NA,4.46850800515672
"Can2B","Canyon Lake, lower","srp","Canyon, hypo, lower",2016-11-09,1.41799357700102,1888,0,NA,0.066,NA,NA,4.27681509646429
"Roos1A","Roosevelt Lake, upper","srp","Roosevelt, eppi, upper",2016-11-09,-0.133707925813304,2060,0,NA,0.073,NA,NA,5.67175089809843
"Roos1B","Roosevelt Lake, upper","srp","Roosevelt, hypo, upper",2016-11-09,-0.133707925813304,2060,0,NA,0.081,NA,NA,5.75442761062608
"Roos2A","Roosevelt Lake, lower","srp","Roosevelt, eppi, lower",2016-11-09,-0.133707925813304,1949,0,NA,0.068,NA,NA,9.77258087523185
"Roos2B","Roosevelt Lake, lower","srp","Roosevelt, hypo, lower",2016-11-09,-0.133707925813304,1946,0,NA,0.068,NA,NA,9.75802912346937
"APA1A","Apache Lake, upper","srp","Apache, eppi, upper",2017-02-08,0,1893,77,NA,0.061,NA,NA,0
"APA1B","Apache Lake, upper","srp","Apache, hypo, upper",2017-02-08,0,1897,50,NA,0.065,NA,NA,0
"APA2A","Apache Lake, lower","srp","Apache, eppi, lower",2017-02-08,0,1813,76,NA,0.074,NA,NA,0
"APA2B","Apache Lake, lower","srp","Apache, hypo, lower",2017-02-08,0,1876,34,NA,0.063,NA,NA,0
"Can1A","Canyon Lake, upper","srp","Canyon, eppi, upper",2017-02-08,0,1674,100,NA,0.098,NA,NA,0
"Can1B","Canyon Lake, upper","srp","Canyon, hypo, upper",2017-02-08,0,1769,76,NA,0.099,NA,NA,0
"Can2A","Canyon Lake, lower","srp","Canyon, eppi, lower",2017-02-08,0,1662,76,NA,0.097,NA,NA,0
"Can2B","Canyon Lake, lower","srp","Canyon, hypo, lower",2017-02-08,0,1689,106,NA,0.098,NA,NA,0
"Roos1A","Roosevelt Lake, upper","srp","Roosevelt, eppi, upper",2017-02-08,0,930,104,NA,0.211,NA,NA,0
"Roos1B","Roosevelt Lake, upper","srp","Roosevelt, hypo, upper",2017-02-08,0,1508,59,NA,0.139,NA,NA,0
"Roos2A","Roosevelt Lake, lower","srp","Roosevelt, eppi, lower",2017-02-08,0,1657,53,NA,0.115,NA,NA,0
"Roos2B","Roosevelt Lake, lower","srp","Roosevelt, hypo, lower",2017-02-08,0,1728,72,NA,0.11,NA,NA,0
"APA1A","Apache Lake, upper","srp","Apache, eppi, upper",2017-05-03,0,NA,10,4.051,0.067,NA,0.3506,0
"APA1B","Apache Lake, upper","srp","Apache, hypo, upper",2017-05-03,0,NA,NA,NA,NA,NA,NA,0
"APA2A","Apache Lake, lower","srp","Apache, eppi, lower",2017-05-03,0,NA,NA,NA,NA,NA,NA,0
"APA2B","Apache Lake, lower","srp","Apache, hypo, lower",2017-05-03,0,NA,NA,NA,NA,NA,NA,0
"Can1A","Canyon Lake, upper","srp","Canyon, eppi, upper",2017-05-03,0,1670,0,5.197,0.1,1.92418703097941,0.6294,0
"Can1B","Canyon Lake, upper","srp","Canyon, hypo, upper",2017-05-03,0,1724,0,4.621,0.09,NA,0.5407,0
"Can2A","Canyon Lake, lower","srp","Canyon, eppi, lower",2017-05-03,0,1691,0,4.836,0.095,NA,0.4368,0
"Can2B","Canyon Lake, lower","srp","Canyon, hypo, lower",2017-05-03,0,1713,0,4.553,0.09,NA,0.4454,0
"Roos1A","Roosevelt Lake, upper","srp","Roosevelt, eppi, upper",2017-05-03,0,954,0,4.42,0.116,NA,0.5062,0
"Roos1B","Roosevelt Lake, upper","srp","Roosevelt, hypo, upper",2017-05-03,0,1524,13,4.587,0.114,NA,0.6729,0
"Roos2A","Roosevelt Lake, lower","srp","Roosevelt, eppi, lower",2017-05-03,0,1075,0,4.61,0.125,NA,0.4367,0
"Roos2B","Roosevelt Lake, lower","srp","Roosevelt, hypo, lower",2017-05-03,0,1617,3,4.298,0.107,NA,0.6457,0
"APA1A","Apache Lake, upper","srp","Apache, eppi, upper",2017-08-09,NA,1780,25,4.712,0.087,1.84634974533107,0.4977,NA
"APA1B","Apache Lake, upper","srp","Apache, hypo, upper",2017-08-09,NA,1798,23,4.921,0.097,1.97114407640723,0.9046,NA
"APA2A","Apache Lake, lower","srp","Apache, eppi, lower",2017-08-09,NA,1783,28,4.867,0.086,1.76700226011917,0.5723,NA
"APA2B","Apache Lake, lower","srp","Apache, hypo, lower",2017-08-09,NA,1797,27,5.434,0.088,1.61943319838057,0.9873,NA
"Can1A","Canyon Lake, upper","srp","Canyon, eppi, upper",2017-08-09,NA,1732,49,5.3,0.101,1.90566037735849,0.5035,NA
"Can1B","Canyon Lake, upper","srp","Canyon, hypo, upper",2017-08-09,NA,1755,49,6.707,0.11,1.64007753093783,1.169,NA
"Can2A","Canyon Lake, lower","srp","Canyon, eppi, lower",2017-08-09,NA,1745,41,4.547,0.096,2.11128216406422,0.5521,NA
"Can2B","Canyon Lake, lower","srp","Canyon, hypo, lower",2017-08-09,NA,1750,38,4.735,0.097,2.04857444561774,0.6636,NA
"Roos1A","Roosevelt Lake, upper","srp","Roosevelt, eppi, upper",2017-08-09,NA,NA,28,6.065,0.135,2.22588623248145,0.518,NA
"Roos1B","Roosevelt Lake, upper","srp","Roosevelt, hypo, upper",2017-08-09,NA,1325,38,4.954,0.122,2.46265643924102,0.618,NA
"Roos2A","Roosevelt Lake, lower","srp","Roosevelt, eppi, lower",2017-08-09,NA,1157,17,5.545,0.099,1.78539224526601,0.5237,NA
"Roos2B","Roosevelt Lake, lower","srp","Roosevelt, hypo, lower",2017-08-09,NA,1425,82,5.055,0.113,2.23541048466865,0.7356,NA
"APA1A","Apache Lake, upper","srp","Apache, eppi, upper",2017-11-06,9.68923063833269,1742,30,4.045,0.091,NA,0.5189,6.15690001607337
"APA1B","Apache Lake, upper","srp","Apache, hypo, upper",2017-11-06,2.00907214102809,1718,66,4.364,0.099,NA,0.7649,7.47697434993568
"APA2A","Apache Lake, lower","srp","Apache, eppi, lower",2017-11-06,8.2585268268348,1737,30,4.59,0.091,NA,0.5831,7.7652041326202
"APA2B","Apache Lake, lower","srp","Apache, hypo, lower",2017-11-06,2.89464810684495,1721,43,3.815,0.09,NA,0.5105,5.59007822818177
"Can1A","Canyon Lake, upper","srp","Canyon, eppi, upper",2017-11-06,0.576314062211777,1724,31,NA,NA,NA,NA,3.82726849144982
"Can1B","Canyon Lake, upper","srp","Canyon, hypo, upper",2017-11-06,0.522342857209442,1719,45,NA,NA,NA,NA,4.1338702874507
"Can2A","Canyon Lake, lower","srp","Canyon, eppi, lower",2017-11-06,0.919750207538054,1707,46,NA,NA,NA,NA,3.99562841675875
"Can2B","Canyon Lake, lower","srp","Canyon, hypo, lower",2017-11-06,0.677346663963553,1718,44,NA,NA,NA,NA,-0.551294288767001
"Roos1A","Roosevelt Lake, upper","srp","Roosevelt, eppi, upper",2017-11-06,0.280312816783746,1455,13,4.803,0.112,NA,0.6157,4.9241680406003
"Roos1B","Roosevelt Lake, upper","srp","Roosevelt, hypo, upper",2017-11-06,0.366405292583318,1456,28,4.675,0.113,NA,0.5591,4.28626764381263
"Roos2A","Roosevelt Lake, lower","srp","Roosevelt, eppi, lower",2017-11-06,0.382279176407534,1295,16,4.556,0.104,NA,0.5071,5.37864948477056
"Roos2B","Roosevelt Lake, lower","srp","Roosevelt, hypo, lower",2017-11-06,0.840194036842571,1362,20,4.154,0.122,NA,0.5226,0.840461015083731
"APA1A","Apache Lake, upper","srp","Apache, eppi, upper",2018-02-05,NA,1732,44,3.529,0.085,NA,NA,NA
"APA1B","Apache Lake, upper","srp","Apache, hypo, upper",2018-02-05,NA,NA,NA,NA,NA,NA,NA,NA
"APA2A","Apache Lake, lower","srp","Apache, eppi, lower",2018-02-05,NA,NA,NA,NA,NA,NA,NA,NA
"APA2B","Apache Lake, lower","srp","Apache, hypo, lower",2018-02-05,NA,NA,NA,NA,NA,NA,NA,NA
"Can1A","Canyon Lake, upper","srp","Canyon, eppi, upper",2018-02-05,NA,1740,49,4.042,0.087,NA,NA,NA
"Can1B","Canyon Lake, upper","srp","Canyon, hypo, upper",2018-02-05,NA,1741,45,3.773,0.085,NA,NA,NA
"Can2A","Canyon Lake, lower","srp","Canyon, eppi, lower",2018-02-05,NA,1740,38,3.893,0.087,NA,NA,NA
"Can2B","Canyon Lake, lower","srp","Canyon, hypo, lower",2018-02-05,NA,1733,41,3.636,0.088,NA,NA,NA
"Roos1A","Roosevelt Lake, upper","srp","Roosevelt, eppi, upper",2018-02-05,NA,1508,66,3.902,0.104,NA,NA,NA
"Roos1B","Roosevelt Lake, upper","srp","Roosevelt, hypo, upper",2018-02-05,NA,1540,31,3.745,0.103,NA,NA,NA
"Roos2A","Roosevelt Lake, lower","srp","Roosevelt, eppi, lower",2018-02-05,NA,1473,31,4.237,0.104,NA,NA,NA
"Roos2B","Roosevelt Lake, lower","srp","Roosevelt, hypo, lower",2018-02-05,NA,1497,31,4.184,0.104,NA,NA,NA
"APA1A","Apache Lake, upper","srp","Apache, eppi, upper",2018-05-08,27.7009652879767,1682,33,5.279,0.082,1.55332449327524,0.4398,1.86643125726277
"APA1B","Apache Lake, upper","srp","Apache, hypo, upper",2018-05-08,9.29069677870384,1646,24,6.28,0.096,1.52866242038217,1.287,1.00336800467381
"APA2A","Apache Lake, lower","srp","Apache, eppi, lower",2018-05-08,40.5848203886457,1718,27,4.762,0.082,1.72196556068879,0.3361,1.88791459492445
"APA2B","Apache Lake, lower","srp","Apache, hypo, lower",2018-05-08,4.42027109260364,1739,31,4.596,0.083,1.8059181897302,0.7047,1.00336800467381
"Can1A","Canyon Lake, upper","srp","Canyon, eppi, upper",2018-05-08,1.46609824830883,1745,33,4.611,0.083,1.80004337453915,0.5189,1.00336800467381
"Can1B","Canyon Lake, upper","srp","Canyon, hypo, upper",2018-05-08,73.7930615845739,1764,27,5.915,0.099,1.67371090448014,1.381,1.5485076978389
"Can2A","Canyon Lake, lower","srp","Canyon, eppi, lower",2018-05-08,13.21204767183,1747,28,4.76,0.084,1.76470588235294,0.5851,1.42124876016243
"Can2B","Canyon Lake, lower","srp","Canyon, hypo, lower",2018-05-08,34.2418108850601,1750,25,4.702,0.084,1.78647384091876,0.6156,1.32158994378742
"Roos1A","Roosevelt Lake, upper","srp","Roosevelt, eppi, upper",2018-05-08,17.7218007989256,1763,20,5.016,0.091,1.81419457735247,0.4027,2.20285435745087
"Roos1B","Roosevelt Lake, upper","srp","Roosevelt, hypo, upper",2018-05-08,2.75291480953476,1691,31,4.89,0.097,1.98364008179959,0.5397,1.00336800467381
"Roos2A","Roosevelt Lake, lower","srp","Roosevelt, eppi, lower",2018-05-08,3.5810227184977,1606,15,5.526,0.091,1.64676076728194,0.6028,2.09484090976298
"Roos2B","Roosevelt Lake, lower","srp","Roosevelt, hypo, lower",2018-05-08,1.12055815445681,1558,21,4.848,0.093,1.91831683168317,0.8126,1.00336800467381
"APA1A","Apache Lake, upper","srp","Apache, eppi, upper",2018-08-06,20.1668006492281,1679,34,5.014,0.092,1.8348623853211,0.3549,1.7655299420449
"APA1B","Apache Lake, upper","srp","Apache, hypo, upper",2018-08-06,4.11375843196728,1682,25,4.746,0.086,1.81205225453013,0.4779,0.952235041481054
"APA2A","Apache Lake, lower","srp","Apache, eppi, lower",2018-08-06,15.6891088250569,1685,23,4.739,0.084,1.7725258493353,0.3067,1.56054311624176
"APA2B","Apache Lake, lower","srp","Apache, hypo, lower",2018-08-06,4.10178866099601,1676,27,4.597,0.087,1.89253861213835,0.4957,1.06238645278055
"Can1A","Canyon Lake, upper","srp","Canyon, eppi, upper",2018-08-06,NA,NA,NA,NA,NA,NA,NA,NA
"Can1B","Canyon Lake, upper","srp","Canyon, hypo, upper",2018-08-06,NA,NA,NA,NA,NA,NA,NA,NA
"Can2A","Canyon Lake, lower","srp","Canyon, eppi, lower",2018-08-06,NA,NA,NA,NA,NA,NA,NA,NA
"Can2B","Canyon Lake, lower","srp","Canyon, hypo, lower",2018-08-06,NA,NA,NA,NA,NA,NA,NA,NA
"Roos1A","Roosevelt Lake, upper","srp","Roosevelt, eppi, upper",2018-08-06,0.855237655266218,2100,28,5.367,0.096,1.78870877585243,0.4308,4.11661280372814
"Roos1B","Roosevelt Lake, upper","srp","Roosevelt, hypo, upper",2018-08-06,0.96861798585524,2100,45,6.037,0.099,1.63988736127216,0.6396,4.05055289835611
"Roos2A","Roosevelt Lake, lower","srp","Roosevelt, eppi, lower",2018-08-06,0.929633106789073,1903,10,5.398,0.083,1.53760652093368,0.4575,6.5359214693202
"Roos2B","Roosevelt Lake, lower","srp","Roosevelt, hypo, lower",2018-08-06,1.84573620313923,1695,10,5.515,0.099,1.79510426110607,0.5897,2.18571425818175
"APA1A","Apache Lake, upper","srp","Apache, eppi, upper",2019-02-25,NA,NA,NA,NA,NA,NA,NA,NA
"APA1B","Apache Lake, upper","srp","Apache, hypo, upper",2019-02-25,0,1688,0.032,3.66,0.087,2.351,0.305,0
"APA2A","Apache Lake, lower","srp","Apache, eppi, lower",2019-02-25,NA,NA,NA,NA,NA,NA,NA,NA
"APA2B","Apache Lake, lower","srp","Apache, hypo, lower",2019-02-25,NA,NA,NA,NA,NA,NA,NA,NA
"Can1A","Canyon Lake, upper","srp","Canyon, eppi, upper",2019-02-25,0,1748,0.06,5.025,0.171,3.98,0,0
"Can1B","Canyon Lake, upper","srp","Canyon, hypo, upper",2019-02-25,NA,NA,NA,NA,NA,NA,NA,NA
"Can2A","Canyon Lake, lower","srp","Canyon, eppi, lower",2019-02-25,NA,NA,NA,NA,NA,NA,NA,NA
"Can2B","Canyon Lake, lower","srp","Canyon, hypo, lower",2019-02-25,NA,NA,NA,NA,NA,NA,NA,NA
"Roos1A","Roosevelt Lake, upper","srp","Roosevelt, eppi, upper",2019-02-25,0,1197,0.031,3.622,0.124,3.44,0.4712,0
"Roos1B","Roosevelt Lake, upper","srp","Roosevelt, hypo, upper",2019-02-25,NA,NA,NA,NA,NA,NA,NA,NA
"Roos2A","Roosevelt Lake, lower","srp","Roosevelt, eppi, lower",2019-02-25,NA,NA,NA,NA,NA,NA,NA,NA
"Roos2B","Roosevelt Lake, lower","srp","Roosevelt, hypo, lower",2019-02-25,NA,NA,NA,NA,NA,NA,NA,NA
"APA1A","Apache Lake, upper","srp","Apache, eppi, upper",2019-05-07,19.0703643303716,1640,10,4.707,0.072,1.529,0.6329,54.8667171519201
"APA1B","Apache Lake, upper","srp","Apache, hypo, upper",2019-05-07,0.34279469633011,1664,9,4.233,0.076,1.795,0.6762,2.4197582824649
"APA2A","Apache Lake, lower","srp","Apache, eppi, lower",2019-05-07,20.5110513566797,NA,16,4.536,0.074,1.631,0.5448,34.0192466259251
"APA2B","Apache Lake, lower","srp","Apache, hypo, lower",2019-05-07,2.92323128881965,NA,9,4.346,0.08,1.84,0.5427,1.71673232783191
"Can1A","Canyon Lake, upper","srp","Canyon, eppi, upper",2019-05-07,35.5679102214225,NA,23,5.75,0.114,1.98,0.9117,31.9058894736066
"Can1B","Canyon Lake, upper","srp","Canyon, hypo, upper",2019-05-07,2.79568464282324,NA,39,5.468,0.109,1.645,1.098,1.54617211796878
"Can2A","Canyon Lake, lower","srp","Canyon, eppi, lower",2019-05-07,11.518331959951,NA,21,5.593,0.119,2.127,0.7634,17.3752599817183
"Can2B","Canyon Lake, lower","srp","Canyon, hypo, lower",2019-05-07,1.12895409442894,NA,24,4.965,0.1,2.014,0.7036,-0.852674704622395
"Roos1A","Roosevelt Lake, upper","srp","Roosevelt, eppi, upper",2019-05-07,13.7737742516099,NA,19,4.47,0.111,2.48322147651007,0.5106,-0.852674704622395
"Roos1B","Roosevelt Lake, upper","srp","Roosevelt, hypo, upper",2019-05-07,-2.38016732976395,NA,15,4.965,0.136,2.73917421953676,0.8061,-0.852674704622395
"Roos2A","Roosevelt Lake, lower","srp","Roosevelt, eppi, lower",2019-05-07,-0.920416391954566,NA,35,4.87,0.119,2.4435318275154,0.5196,-0.852674704622395
"Roos2B","Roosevelt Lake, lower","srp","Roosevelt, hypo, lower",2019-05-07,-2.38016732976395,1666,19,4.421,0.099,2.25,0.7635,-0.852674704622395
"APA1A","Apache Lake, upper","srp","Apache, eppi, upper",2019-08-19,16.0904514696623,1367,16,5.275,0.092,1.74407582938389,0.726,2.04627285492158
"APA1B","Apache Lake, upper","srp","Apache, hypo, upper",2019-08-19,3.2646158033167,1427,21,4.649,0.097,2.08647020864702,0.874,2.98599592551251
"APA2A","Apache Lake, lower","srp","Apache, eppi, lower",2019-08-19,6.93343570542668,1428,19,4.82,0.093,1.92946058091286,0.6289,5.31665644308999
"APA2B","Apache Lake, lower","srp","Apache, hypo, lower",2019-08-19,0.287480894057553,1396,9,4.596,0.096,2.088772845953,0.8578,2.05531187270068
"Can1A","Canyon Lake, upper","srp","Canyon, eppi, upper",2019-08-19,1.6505762377385,946,42,4.761,0.09,1.89035916824197,0.7206,10.9515131708985
"Can1B","Canyon Lake, upper","srp","Canyon, hypo, upper",2019-08-19,1.32804350938481,1066,23,4.759,0.109,2.29039714225678,0.9128,10.4052886742914
"Can2A","Canyon Lake, lower","srp","Canyon, eppi, lower",2019-08-19,3.1578198346686,844,25,4.545,0.09,1.98019801980198,0.5924,9.58046156302598
"Can2B","Canyon Lake, lower","srp","Canyon, hypo, lower",2019-08-19,1.83462628147156,943,23,4.439,0.091,2.05001126379815,0.6967,8.93226355473307
"Roos1A","Roosevelt Lake, upper","srp","Roosevelt, eppi, upper",2019-08-19,-1.40620037909908,1383,11,4.811,0.108,2.2448555393889,0.4171,4.01369876915343
"Roos1B","Roosevelt Lake, upper","srp","Roosevelt, hypo, upper",2019-08-19,3.7855243703642,1385,62,4.97,0.131,2.63581488933602,0.9293,1.82993902940826
"Roos2A","Roosevelt Lake, lower","srp","Roosevelt, eppi, lower",2019-08-19,-0.438116573869867,1486,10,4.844,0.108,2.22956234516928,0.5301,15.929668518133
"Roos2B","Roosevelt Lake, lower","srp","Roosevelt, hypo, lower",2019-08-19,0.615031697482235,1433,13,4.929,0.125,2.5360113613309,0.8079,2.04941977222245
"APA1A","Apache Lake, upper","srp","Apache, eppi, upper",2019-11-26,NA,NA,NA,NA,NA,NA,NA,NA
"APA1B","Apache Lake, upper","srp","Apache, hypo, upper",2019-11-26,NA,NA,NA,NA,NA,NA,NA,NA
"APA2A","Apache Lake, lower","srp","Apache, eppi, lower",2019-11-26,NA,NA,NA,NA,NA,NA,NA,NA
"APA2B","Apache Lake, lower","srp","Apache, hypo, lower",2019-11-26,NA,NA,NA,NA,NA,NA,NA,NA
"Can1A","Canyon Lake, upper","srp","Canyon, eppi, upper",2019-11-26,-1.54746653513224,1241,196,6.468,0.202,3.12306740878169,1.167,-1.27539284465762
"Can1B","Canyon Lake, upper","srp","Canyon, hypo, upper",2019-11-26,-1.71405508796145,1311,-0.006,6.601,0.205,3.1055900621118,1.283,-1.27539284465762
"Can2A","Canyon Lake, lower","srp","Canyon, eppi, lower",2019-11-26,-1.61091518729168,1116,-0.004,6.471,0.201,3.10616597125637,1.131,-1.27539284465762
"Can2B","Canyon Lake, lower","srp","Canyon, hypo, lower",2019-11-26,-1.35712057865391,1124,-0.006,6.526,0.202,3.09531106343855,0.4586,-1.27539284465762
"Roos1A","Roosevelt Lake, upper","srp","Roosevelt, eppi, upper",2019-11-26,-1.51690959871458,1345,21,4.472,0.109,2.43738819320215,0.4424,2.02654734972075
"Roos1B","Roosevelt Lake, upper","srp","Roosevelt, hypo, upper",2019-11-26,-0.836259984167503,1331,38,4.663,0.119,2.55200514690114,0.5659,18.9903384184024
"Roos2A","Roosevelt Lake, lower","srp","Roosevelt, eppi, lower",2019-11-26,-2.06767175296626,1357,20,4.515,0.107,2.36987818383167,0.2862,1.6669659900567
"Roos2B","Roosevelt Lake, lower","srp","Roosevelt, hypo, lower",2019-11-26,-1.66125630640333,1370,12,4.586,0.111,2.42040994330571,0.3788,1.89756994487058
"APA1A","Apache Lake, upper","srp","Apache, eppi, upper",2020-02-25,NA,1746,46,7.6,0.305,4,1.433,NA
"APA1B","Apache Lake, upper","srp","Apache, hypo, upper",2020-02-25,NA,1734,43,4.6,0.117,2.5,0.445,NA
"APA2A","Apache Lake, lower","srp","Apache, eppi, lower",2020-02-25,NA,1729,49,4.5,0.122,2.7,0.57,NA
"APA2B","Apache Lake, lower","srp","Apache, hypo, lower",2020-02-25,NA,1752,42,2.5,0.085,3.5,0.158,NA
"Can1A","Canyon Lake, upper","srp","Canyon, eppi, upper",2020-02-25,NA,1322,165,4.4,0.115,2.6,0.46,NA
"Can1B","Canyon Lake, upper","srp","Canyon, hypo, upper",2020-02-25,NA,1099,186,6.5,0.223,3.4,1.403,NA
"Can2A","Canyon Lake, lower","srp","Canyon, eppi, lower",2020-02-25,NA,895,246,5,0.118,2.3,0.467,NA
"Can2B","Canyon Lake, lower","srp","Canyon, hypo, lower",2020-02-25,NA,1299,154,6.5,0.214,3.3,1.3,NA
"Roos1A","Roosevelt Lake, upper","srp","Roosevelt, eppi, upper",2020-02-25,NA,1346,19,4.6,0.126,2.7,0.437,NA
"Roos1B","Roosevelt Lake, upper","srp","Roosevelt, hypo, upper",2020-02-25,NA,1392,23,4.6,0.125,2.7,0.411,NA
"Roos2A","Roosevelt Lake, lower","srp","Roosevelt, eppi, lower",2020-02-25,NA,1354,26,4.3,0.114,2.6,0.439,NA
"Roos2B","Roosevelt Lake, lower","srp","Roosevelt, hypo, lower",2020-02-25,NA,1355,21,5.6,0.143,2.6,0.888,NA
