ID,site number,Depth (ft),Depth (m),Lake,month,MIB (ng/L),Geosmin (ng/L),T (C),DO (mg/L),DO (%),Algae Count,Comments
1,"SS-1",,0,"Saguaro","08/15/01 00:00:00",,,,,,1450,
2,"SS-1",,1,"Saguaro","08/15/01 00:00:00",,,,,,,
3,"SS-2",,0,"Saguaro","08/15/01 00:00:00",,,,,,1000,
4,"SS-3",,0,"Saguaro","08/15/01 00:00:00",,,,,,300,
5,"SS-4",,0,"Saguaro","08/15/01 00:00:00",,,,,,800,
6,"SS-4",,2,"Saguaro","08/15/01 00:00:00",,,,,,,
7,"SS-5",,0,"Saguaro","08/15/01 00:00:00",,,,,,350,
8,"SS-6",,0,"Saguaro","08/15/01 00:00:00",,,,,,450,
9,"SS-7",,0,"Saguaro","08/15/01 00:00:00",,,,,,850,
10,"SS-8",,0,"Saguaro","08/15/01 00:00:00",,,,,,500,
11,"SS-9",,0,"Saguaro","08/15/01 00:00:00",,,,,,150,
12,"SS-10",,0,"Saguaro","08/15/01 00:00:00",,,,,,650,
13,"SS-10",,5,"Saguaro","08/15/01 00:00:00",,,,,,,
14,"SS-10",,10,"Saguaro","08/15/01 00:00:00",,,,,,,
15,"SS-11",,0,"Saguaro","08/15/01 00:00:00",,,,,,300,
16,"SS-11",,5,"Saguaro","08/15/01 00:00:00",,,,,,,
17,"SS-11",,10,"Saguaro","08/15/01 00:00:00",,,,,,,
18,"R8",,0,"Saguaro","08/15/01 00:00:00",,,,,,,
19,"R9",0,0,"Saguaro","08/15/01 00:00:00",,,,,,,
20,"R9",,1,"Saguaro","08/15/01 00:00:00",,,,,,,
21,"R9",,2,"Saguaro","08/15/01 00:00:00",,,,,,,
22,"R9",,3,"Saguaro","08/15/01 00:00:00",,,,,,,
23,"R9",,4,"Saguaro","08/15/01 00:00:00",,,,,,,
24,"R9",,5,"Saguaro","08/15/01 00:00:00",,,,,,,
25,"R9",,10,"Saguaro","08/15/01 00:00:00",,,,,,,
26,"R9",,15,"Saguaro","08/15/01 00:00:00",,,,,,,
27,"R9",,20,"Saguaro","08/15/01 00:00:00",,,,,,,
28,"R9",,25,"Saguaro","08/15/01 00:00:00",,,,,,,
29,"R9",,30,"Saguaro","08/15/01 00:00:00",,,,,,,
30,"R9",1,0.3,"Saguaro",,,,,,,,
31,"R9",10,3,"Saguaro",,,,,,,,
32,"R9",20,6.1,"Saguaro",,,,,,,,
33,"R9",30,9.1,"Saguaro",,,,,,,,
34,"R9",40,12.2,"Saguaro",,,,,,,,
35,"R9",50,15.2,"Saguaro",,,,,,,,
36,"R9",60,18.3,"Saguaro",,,,,,,,
37,"R9",70,21.3,"Saguaro",,,,,,,,
38,"R9",80,24.4,"Saguaro",,,,,,,,
39,"R9",90,27.4,"Saguaro",,,,,,,,
40,"R6",1,0.3,"Bartlett",,,,,,,,
41,"R6",10,3,"Bartlett",,,,,,,,
42,"R6",20,6.1,"Bartlett",,,,,,,,
43,"R6",30,9.1,"Bartlett",,,,,,,,
44,"R6",40,12.2,"Bartlett",,,,,,,,
45,"R6",50,15.2,"Bartlett",,,,,,,,
46,"R6",60,18.3,"Bartlett",,,,,,,,
47,"R6",70,21.3,"Bartlett",,,,,,,,
48,"R6",80,24.4,"Bartlett",,,,,,,,
49,"R6",90,27.4,"Bartlett",,,,,,,,
50,"R6",100,30.5,"Bartlett",,,,,,,,
51,"R6",110,33.5,"Bartlett",,,,,,,,
52,"R6",120,36.6,"Bartlett",,,,,,,,
53,"R6",130,39.6,"Bartlett",,,,,,,,
54,"R6",140,42.7,"Bartlett",,,,,,,,
55,"R2",1,0.3,"Pleasant",,,,,,,,
56,"R2",10,3,"Pleasant",,,,,,,,
57,"R2",20,6.1,"Pleasant",,,,,,,,
58,"R2",30,9.1,"Pleasant",,,,,,,,
59,"R2",40,12.2,"Pleasant",,,,,,,,
60,"R2",50,15.2,"Pleasant",,,,,,,,
61,"R2",60,18.3,"Pleasant",,,,,,,,
62,"R2",70,21.3,"Pleasant",,,,,,,,
63,"R2",90,27.4,"Pleasant",,,,,,,,
64,"R2",100,30.5,"Pleasant",,,,,,,,
65,"R2",110,33.5,"Pleasant",,,,,,,,
66,"R2",130,39.6,"Pleasant",,,,,,,,
67,"R2",140,42.7,"Pleasant",,,,,,,,
68,"R2",150,45.7,"Pleasant",,,,,,,,
69,"R2",180,54.9,"Pleasant",,,,,,,,
70,"SS-1",,0,"Saguaro","08/30/01 00:00:00",41,6,33,,,1500,
71,"SS-1",,1,"Saguaro","08/30/01 00:00:00",33,6,32.9,,,,
72,"SS-2",,0,"Saguaro","08/30/01 00:00:00",0,4,27.9,,,1000,
73,"SS-3",,0,"Saguaro","08/30/01 00:00:00",34,6,29.7,,,300,
74,"SS-4",,0,"Saguaro","08/30/01 00:00:00",29,7,29.8,,,850,
75,"SS-4",,2,"Saguaro","08/30/01 00:00:00",30,7,28.7,,,,
76,"SS-5",,0,"Saguaro","08/30/01 00:00:00",29,8,29.7,,,300,
77,"SS-6",,0,"Saguaro","08/30/01 00:00:00",21,6,29.5,,,450,
78,"SS-7",,0,"Saguaro","08/30/01 00:00:00",21,6,31.5,,,950,
79,"SS-8",,0,"Saguaro","08/30/01 00:00:00",27,6,26.8,,,450,
80,"SS-9",,0,"Saguaro","08/30/01 00:00:00",17,5,22.8,,,150,
81,"SS-10",,0,"Saguaro","08/30/01 00:00:00",37,6,29.8,,,600,
82,"SS-10",,5,"Saguaro","08/30/01 00:00:00",26,6,28.8,,,,
83,"SS-10",,10,"Saguaro","08/30/01 00:00:00",19,5,27.8,,,,
84,"SS-11",,0,"Saguaro","08/30/01 00:00:00",20,5,29,,,500,
85,"SS-11",,5,"Saguaro","08/30/01 00:00:00",19,5,26.2,,,,
86,"SS-11",,10,"Saguaro","08/30/01 00:00:00",19,5,24.4,,,,
87,"R8",,0,"Saguaro","08/30/01 00:00:00",19,4,22.6,,,500,
88,"R9",0,0,"Saguaro","08/30/01 00:00:00",46,7,28,,,500,
89,"R9",,1,"Saguaro","08/30/01 00:00:00",,,27.9,,,,
90,"R9",,2,"Saguaro","08/30/01 00:00:00",,,27.7,,,,
91,"R9",,3,"Saguaro","08/30/01 00:00:00",,,27.6,,,,
92,"R9",,4,"Saguaro","08/30/01 00:00:00",,,27.5,,,,
93,"R9",,5,"Saguaro","08/30/01 00:00:00",36,7,25.8,,,,
94,"R9",,10,"Saguaro","08/30/01 00:00:00",19,5,24.3,,,,
95,"R9",,15,"Saguaro","08/30/01 00:00:00",16,6,23.8,,,,
96,"R9",,20,"Saguaro","08/30/01 00:00:00",12,4,23.5,,,,
97,"R9",,25,"Saguaro","08/30/01 00:00:00",12,4,23.4,,,,
98,"R9",,30,"Saguaro","08/30/01 00:00:00",5,4,22.9,,,,
99,"R9",1,0.3,"Saguaro","08/30/01 00:00:00",,,,,,,
100,"R9",10,3,"Saguaro","08/30/01 00:00:00",,,,,,,
101,"R9",20,6.1,"Saguaro","08/30/01 00:00:00",,,,,,,
102,"R9",30,9.1,"Saguaro","08/30/01 00:00:00",,,,,,100,
103,"R9",40,12.2,"Saguaro","08/30/01 00:00:00",,,,,,,
104,"R9",50,15.2,"Saguaro","08/30/01 00:00:00",,,,,,,
105,"R9",60,18.3,"Saguaro","08/30/01 00:00:00",,,,,,100,
106,"R9",70,21.3,"Saguaro","08/30/01 00:00:00",,,,,,,
107,"R9",80,24.4,"Saguaro","08/30/01 00:00:00",,,,,,,
108,"R9",90,27.4,"Saguaro","08/30/01 00:00:00",,,,,,100,
109,"R6",1,0.3,"Bartlett",,,,,,,,
110,"R6",10,3,"Bartlett",,,,,,,,
111,"R6",20,6.1,"Bartlett",,,,,,,,
112,"R6",30,9.1,"Bartlett",,,,,,,,
113,"R6",40,12.2,"Bartlett",,,,,,,,
114,"R6",50,15.2,"Bartlett",,,,,,,,
115,"R6",60,18.3,"Bartlett",,,,,,,,
116,"R6",70,21.3,"Bartlett",,,,,,,,
117,"R6",80,24.4,"Bartlett",,,,,,,,
118,"R6",90,27.4,"Bartlett",,,,,,,,
119,"R6",100,30.5,"Bartlett",,,,,,,,
120,"R6",110,33.5,"Bartlett",,,,,,,,
121,"R6",120,36.6,"Bartlett",,,,,,,,
122,"R6",130,39.6,"Bartlett",,,,,,,,
123,"R6",140,42.7,"Bartlett",,,,,,,,
124,"R2",1,0.3,"Pleasant",,,,,,,,
125,"R2",10,3,"Pleasant",,,,,,,,
126,"R2",20,6.1,"Pleasant",,,,,,,,
127,"R2",30,9.1,"Pleasant",,,,,,,,
128,"R2",40,12.2,"Pleasant",,,,,,,,
129,"R2",50,15.2,"Pleasant",,,,,,,,
130,"R2",60,18.3,"Pleasant",,,,,,,,
131,"R2",70,21.3,"Pleasant",,,,,,,,
132,"R2",90,27.4,"Pleasant",,,,,,,,
133,"R2",100,30.5,"Pleasant",,,,,,,,
134,"R2",110,33.5,"Pleasant",,,,,,,,
135,"R2",130,39.6,"Pleasant",,,,,,,,
136,"R2",140,42.7,"Pleasant",,,,,,,,
137,"R2",150,45.7,"Pleasant",,,,,,,,
138,"R2",180,54.9,"Pleasant",,,,,,,,
139,"SS-1",,0,"Saguaro","09/13/01 00:00:00",,,,,,250,
140,"SS-1",,1,"Saguaro","09/13/01 00:00:00",,,,,,,
141,"SS-2",,0,"Saguaro","09/13/01 00:00:00",,,,,,100,
142,"SS-3",,0,"Saguaro","09/13/01 00:00:00",,,,,,700,
143,"SS-4",,0,"Saguaro","09/13/01 00:00:00",,,,,,300,
144,"SS-4",,2,"Saguaro","09/13/01 00:00:00",,,,,,,
145,"SS-5",,0,"Saguaro","09/13/01 00:00:00",,,,,,350,
146,"SS-6",,0,"Saguaro","09/13/01 00:00:00",,,,,,650,
147,"SS-7",,0,"Saguaro","09/13/01 00:00:00",,,,,,700,
148,"SS-8",,0,"Saguaro","09/13/01 00:00:00",,,,,,350,
149,"SS-9",,0,"Saguaro","09/13/01 00:00:00",,,,,,200,
150,"SS-10",,0,"Saguaro","09/13/01 00:00:00",,,,,,800,
151,"SS-10",,5,"Saguaro","09/13/01 00:00:00",,,,,,,
152,"SS-10",,10,"Saguaro","09/13/01 00:00:00",,,,,,,
153,"SS-11",,0,"Saguaro","09/13/01 00:00:00",,,,,,600,
154,"SS-11",,5,"Saguaro",,,,,,,,
155,"SS-11",,10,"Saguaro",,,,,,,,
156,"R8",,0,"Saguaro",,,,,,,,
157,"R9",0,0,"Saguaro",,,,,,,,
158,"R9",,1,"Saguaro",,,,,,,,
159,"R9",,2,"Saguaro",,,,,,,,
160,"R9",,3,"Saguaro",,,,,,,,
161,"R9",,4,"Saguaro",,,,,,,,
162,"R9",,5,"Saguaro",,,,,,,,
163,"R9",,10,"Saguaro",,,,,,,,
164,"R9",,15,"Saguaro",,,,,,,,
165,"R9",,20,"Saguaro",,,,,,,,
166,"R9",,25,"Saguaro",,,,,,,,
167,"R9",,30,"Saguaro",,,,,,,,
168,"R9",1,0.3,"Saguaro",,,,,,,,
169,"R9",10,3,"Saguaro",,,,,,,,
170,"R9",20,6.1,"Saguaro",,,,,,,,
171,"R9",30,9.1,"Saguaro",,,,,,,,
172,"R9",40,12.2,"Saguaro",,,,,,,,
173,"R9",50,15.2,"Saguaro",,,,,,,,
174,"R9",60,18.3,"Saguaro",,,,,,,,
175,"R9",70,21.3,"Saguaro",,,,,,,,
176,"R9",80,24.4,"Saguaro",,,,,,,,
177,"R9",90,27.4,"Saguaro",,,,,,,,
178,"R6",1,0.3,"Bartlett",,,,,,,,
179,"R6",10,3,"Bartlett",,,,,,,,
180,"R6",20,6.1,"Bartlett",,,,,,,,
181,"R6",30,9.1,"Bartlett",,,,,,,,
182,"R6",40,12.2,"Bartlett",,,,,,,,
183,"R6",50,15.2,"Bartlett",,,,,,,,
184,"R6",60,18.3,"Bartlett",,,,,,,,
185,"R6",70,21.3,"Bartlett",,,,,,,,
186,"R6",80,24.4,"Bartlett",,,,,,,,
187,"R6",90,27.4,"Bartlett",,,,,,,,
188,"R6",100,30.5,"Bartlett",,,,,,,,
189,"R6",110,33.5,"Bartlett",,,,,,,,
190,"R6",120,36.6,"Bartlett",,,,,,,,
191,"R6",130,39.6,"Bartlett",,,,,,,,
192,"R6",140,42.7,"Bartlett",,,,,,,,
193,"R2",1,0.3,"Pleasant",,,,,,,,
194,"R2",10,3,"Pleasant",,,,,,,,
195,"R2",20,6.1,"Pleasant",,,,,,,,
196,"R2",30,9.1,"Pleasant",,,,,,,,
197,"R2",40,12.2,"Pleasant",,,,,,,,
198,"R2",50,15.2,"Pleasant",,,,,,,,
199,"R2",60,18.3,"Pleasant",,,,,,,,
200,"R2",70,21.3,"Pleasant",,,,,,,,
201,"R2",90,27.4,"Pleasant",,,,,,,,
202,"R2",100,30.5,"Pleasant",,,,,,,,
203,"R2",110,33.5,"Pleasant",,,,,,,,
204,"R2",130,39.6,"Pleasant",,,,,,,,
205,"R2",140,42.7,"Pleasant",,,,,,,,
206,"R2",150,45.7,"Pleasant",,,,,,,,
207,"R2",180,54.9,"Pleasant",,,,,,,,
208,"SS-1",,0,"Saguaro","09/17/01 00:00:00",69,8,,,,,
209,"SS-1",,1,"Saguaro","09/17/01 00:00:00",,,,,,,
210,"SS-2",,0,"Saguaro","09/17/01 00:00:00",61,9,,,,,
211,"SS-3",,0,"Saguaro","09/17/01 00:00:00",67,7,,,,,
212,"SS-4",,0,"Saguaro","09/17/01 00:00:00",44,8,,,,,
213,"SS-4",,2,"Saguaro","09/17/01 00:00:00",,,,,,,
214,"SS-5",,0,"Saguaro","09/17/01 00:00:00",35,10,,,,,
215,"SS-6",,0,"Saguaro","09/17/01 00:00:00",40,8,,,,,
216,"SS-7",,0,"Saguaro","09/17/01 00:00:00",31,7,,,,,
217,"SS-8",,0,"Saguaro","09/17/01 00:00:00",25,8,,,,,
218,"SS-9",,0,"Saguaro","09/17/01 00:00:00",24,8,,,,,
219,"SS-10",,0,"Saguaro","09/17/01 00:00:00",114,7,,,,,
220,"SS-10",,5,"Saguaro","09/17/01 00:00:00",,,,,,,
221,"SS-10",,10,"Saguaro","09/17/01 00:00:00",,,,,,,
222,"SS-11",,0,"Saguaro","09/17/01 00:00:00",53,8,,,,,
223,"SS-11",,5,"Saguaro",,,,,,,,
224,"SS-11",,10,"Saguaro",,,,,,,,
225,"R8",,0,"Saguaro",,,,,,,,
226,"R9",0,0,"Saguaro",,,,,,,,
227,"R9",,1,"Saguaro",,,,,,,,
228,"R9",,2,"Saguaro",,,,,,,,
229,"R9",,3,"Saguaro",,,,,,,,
230,"R9",,4,"Saguaro",,,,,,,,
231,"R9",,5,"Saguaro",,,,,,,,
232,"R9",,10,"Saguaro",,,,,,,,
233,"R9",,15,"Saguaro",,,,,,,,
234,"R9",,20,"Saguaro",,,,,,,,
235,"R9",,25,"Saguaro",,,,,,,,
236,"R9",,30,"Saguaro",,,,,,,,
237,"R9",1,0.3,"Saguaro",,,,,,,,
238,"R9",10,3,"Saguaro",,,,,,,,
239,"R9",20,6.1,"Saguaro",,,,,,,,
240,"R9",30,9.1,"Saguaro",,,,,,,,
241,"R9",40,12.2,"Saguaro",,,,,,,,
242,"R9",50,15.2,"Saguaro",,,,,,,,
243,"R9",60,18.3,"Saguaro",,,,,,,,
244,"R9",70,21.3,"Saguaro",,,,,,,,
245,"R9",80,24.4,"Saguaro",,,,,,,,
246,"R9",90,27.4,"Saguaro",,,,,,,,
247,"R6",1,0.3,"Bartlett",,,,,,,,
248,"R6",10,3,"Bartlett",,,,,,,,
249,"R6",20,6.1,"Bartlett",,,,,,,,
250,"R6",30,9.1,"Bartlett",,,,,,,,
251,"R6",40,12.2,"Bartlett",,,,,,,,
252,"R6",50,15.2,"Bartlett",,,,,,,,
253,"R6",60,18.3,"Bartlett",,,,,,,,
254,"R6",70,21.3,"Bartlett",,,,,,,,
255,"R6",80,24.4,"Bartlett",,,,,,,,
256,"R6",90,27.4,"Bartlett",,,,,,,,
257,"R6",100,30.5,"Bartlett",,,,,,,,
258,"R6",110,33.5,"Bartlett",,,,,,,,
259,"R6",120,36.6,"Bartlett",,,,,,,,
260,"R6",130,39.6,"Bartlett",,,,,,,,
261,"R6",140,42.7,"Bartlett",,,,,,,,
262,"R2",1,0.3,"Pleasant",,,,,,,,
263,"R2",10,3,"Pleasant",,,,,,,,
264,"R2",20,6.1,"Pleasant",,,,,,,,
265,"R2",30,9.1,"Pleasant",,,,,,,,
266,"R2",40,12.2,"Pleasant",,,,,,,,
267,"R2",50,15.2,"Pleasant",,,,,,,,
268,"R2",60,18.3,"Pleasant",,,,,,,,
269,"R2",70,21.3,"Pleasant",,,,,,,,
270,"R2",90,27.4,"Pleasant",,,,,,,,
271,"R2",100,30.5,"Pleasant",,,,,,,,
272,"R2",110,33.5,"Pleasant",,,,,,,,
273,"R2",130,39.6,"Pleasant",,,,,,,,
274,"R2",140,42.7,"Pleasant",,,,,,,,
275,"R2",150,45.7,"Pleasant",,,,,,,,
276,"R2",180,54.9,"Pleasant",,,,,,,,
277,"SS-1",,0,"Saguaro","09/27/01 00:00:00",,,,,,400,
278,"SS-1",,1,"Saguaro","09/27/01 00:00:00",,,,,,,
279,"SS-2",,0,"Saguaro","09/27/01 00:00:00",,,,,,100,
280,"SS-3",,0,"Saguaro","09/27/01 00:00:00",,,,,,700,
281,"SS-4",,0,"Saguaro","09/27/01 00:00:00",,,,,,650,
282,"SS-4",,2,"Saguaro","09/27/01 00:00:00",,,,,,,
283,"SS-5",,0,"Saguaro","09/27/01 00:00:00",,,,,,100,
284,"SS-6",,0,"Saguaro","09/27/01 00:00:00",,,,,,400,
285,"SS-7",,0,"Saguaro","09/27/01 00:00:00",,,,,,850,
286,"SS-8",,0,"Saguaro","09/27/01 00:00:00",,,,,,350,
287,"SS-9",,0,"Saguaro","09/27/01 00:00:00",,,,,,,
288,"SS-10",,0,"Saguaro","09/27/01 00:00:00",,,,,,700,
289,"SS-10",,5,"Saguaro","09/27/01 00:00:00",,,,,,700,
290,"SS-10",,10,"Saguaro","09/27/01 00:00:00",,,,,,250,
291,"SS-11",,0,"Saguaro","09/27/01 00:00:00",,,,,,250,
292,"SS-11",,5,"Saguaro","09/27/01 00:00:00",,,,,,,
293,"SS-11",,10,"Saguaro","09/27/01 00:00:00",,,,,,,
294,"R8",,0,"Saguaro","09/27/01 00:00:00",,,,,,300,
295,"R9",0,0,"Saguaro","09/27/01 00:00:00",,,,,,500,
296,"R9",,1,"Saguaro","09/27/01 00:00:00",,,,,,,
297,"R9",,2,"Saguaro","09/27/01 00:00:00",,,,,,,
298,"R9",,3,"Saguaro","09/27/01 00:00:00",,,,,,,
299,"R9",,4,"Saguaro","09/27/01 00:00:00",,,,,,,
300,"R9",,5,"Saguaro","09/27/01 00:00:00",,,,,,,
301,"R9",,10,"Saguaro","09/27/01 00:00:00",,,,,,,
302,"R9",,15,"Saguaro","09/27/01 00:00:00",,,,,,,
303,"R9",,20,"Saguaro","09/27/01 00:00:00",,,,,,,
304,"R9",,25,"Saguaro","09/27/01 00:00:00",,,,,,,
305,"R9",,30,"Saguaro","09/27/01 00:00:00",,,,,,,
306,"R9",1,0.3,"Saguaro","09/25/01 00:00:00",57.6,3.6,26,,79,,
307,"R9",10,3,"Saguaro","09/25/01 00:00:00",,,25.9,,8,,
308,"R9",20,6.1,"Saguaro","09/25/01 00:00:00",57.6,3.6,25.9,,72,,
309,"R9",30,9.1,"Saguaro","09/25/01 00:00:00",23.5,2.7,24.7,,2.5,500,
310,"R9",40,12.2,"Saguaro","09/25/01 00:00:00",,,24,,2,,
311,"R9",50,15.2,"Saguaro","09/25/01 00:00:00",,,23.4,,10.5,,
312,"R9",60,18.3,"Saguaro","09/25/01 00:00:00",23.5,2.7,23.3,,15,500,
313,"R9",70,21.3,"Saguaro","09/25/01 00:00:00",,,23.1,,20,,
314,"R9",80,24.4,"Saguaro","09/25/01 00:00:00",,,23,,21,,
315,"R9",90,27.4,"Saguaro","09/25/01 00:00:00",23.5,2.7,22.9,,21.5,500,
316,"R6",1,0.3,"Bartlett","09/25/01 00:00:00",8.9,0,26.7,,83.5,,
317,"R6",10,3,"Bartlett","09/25/01 00:00:00",,,26.4,,83.5,,
318,"R6",20,6.1,"Bartlett","09/25/01 00:00:00",8.9,0,26.2,,80,,
319,"R6",30,9.1,"Bartlett","09/25/01 00:00:00",,,26.2,,78,,
320,"R6",40,12.2,"Bartlett","09/25/01 00:00:00",8.9,0,26.1,,83.5,,
321,"R6",50,15.2,"Bartlett","09/25/01 00:00:00",2.5,0,22.4,,1.4,,
322,"R6",60,18.3,"Bartlett","09/25/01 00:00:00",,,,,,,
323,"R6",70,21.3,"Bartlett","09/25/01 00:00:00",,,17.6,,1,,
324,"R6",80,24.4,"Bartlett","09/25/01 00:00:00",,,,,,,
325,"R6",90,27.4,"Bartlett","09/25/01 00:00:00",2.5,0,16.3,,0.6,,
326,"R6",100,30.5,"Bartlett","09/25/01 00:00:00",,,,,,,
327,"R6",110,33.5,"Bartlett","09/25/01 00:00:00",,,15.5,,1.2,,
328,"R6",120,36.6,"Bartlett","09/25/01 00:00:00",,,,,,,
329,"R6",130,39.6,"Bartlett","09/25/01 00:00:00",2.5,0,14.7,,0.9,,
330,"R6",140,42.7,"Bartlett","09/25/01 00:00:00",,,,,,,
331,"R2",1,0.3,"Pleasant","09/26/01 00:00:00",18.9,0,26.4,,80,,
332,"R2",10,3,"Pleasant","09/26/01 00:00:00",,,26.2,,76,,
333,"R2",20,6.1,"Pleasant","09/26/01 00:00:00",,,26.1,,78,,
334,"R2",30,9.1,"Pleasant","09/26/01 00:00:00",,,26.1,,80,,
335,"R2",40,12.2,"Pleasant","09/26/01 00:00:00",,,26.1,,81,,
336,"R2",50,15.2,"Pleasant","09/26/01 00:00:00",18.9,0,26.1,,81,,
337,"R2",60,18.3,"Pleasant","09/26/01 00:00:00",2.6,0,23.5,,1.7,,
338,"R2",70,21.3,"Pleasant","09/26/01 00:00:00",,,,,,,
339,"R2",90,27.4,"Pleasant","09/26/01 00:00:00",,,,,,,
340,"R2",100,30.5,"Pleasant","09/26/01 00:00:00",2.6,0,15,,1.2,,
341,"R2",110,33.5,"Pleasant","09/26/01 00:00:00",,,,,,,
342,"R2",130,39.6,"Pleasant","09/26/01 00:00:00",,,,,,,
343,"R2",140,42.7,"Pleasant","09/26/01 00:00:00",2.6,0,12.8,,1.3,,
344,"R2",150,45.7,"Pleasant","09/26/01 00:00:00",,,,,,,
345,"R2",180,54.9,"Pleasant","09/26/01 00:00:00",2.6,0,12.1,,1.3,,
346,"SS-1",,0,"Saguaro","10/09/01 00:00:00",,,,,,,
347,"SS-1",,1,"Saguaro","10/09/01 00:00:00",,,,,,,
348,"SS-2",,0,"Saguaro","10/09/01 00:00:00",,,,,,,
349,"SS-3",,0,"Saguaro","10/09/01 00:00:00",,,,,,,
350,"SS-4",,0,"Saguaro","10/09/01 00:00:00",,,,,,,
351,"SS-4",,2,"Saguaro","10/09/01 00:00:00",,,,,,,
352,"SS-5",,0,"Saguaro","10/09/01 00:00:00",,,,,,,
353,"SS-6",,0,"Saguaro","10/09/01 00:00:00",,,,,,,
354,"SS-7",,0,"Saguaro","10/09/01 00:00:00",,,,,,,
355,"SS-8",,0,"Saguaro","10/09/01 00:00:00",,,,,,,
356,"SS-9",,0,"Saguaro","10/09/01 00:00:00",,,,,,,
357,"SS-10",,0,"Saguaro","10/09/01 00:00:00",,,,,,,
358,"SS-10",,5,"Saguaro","10/09/01 00:00:00",,,,,,,
359,"SS-10",,10,"Saguaro","10/09/01 00:00:00",,,,,,,
360,"SS-11",,0,"Saguaro","10/09/01 00:00:00",,,,,,,
361,"SS-11",,5,"Saguaro","10/09/01 00:00:00",,,,,,,
362,"SS-11",,10,"Saguaro","10/09/01 00:00:00",,,,,,,
363,"R8",,0,"Saguaro","10/09/01 00:00:00",,,,,,,
364,"R9",0,0,"Saguaro","10/09/01 00:00:00",,,,,,,
365,"R9",,1,"Saguaro","10/09/01 00:00:00",,,,,,,
366,"R9",,2,"Saguaro","10/09/01 00:00:00",,,,,,,
367,"R9",,3,"Saguaro","10/09/01 00:00:00",,,,,,,
368,"R9",,4,"Saguaro","10/09/01 00:00:00",,,,,,,
369,"R9",,5,"Saguaro","10/09/01 00:00:00",,,,,,,
370,"R9",,10,"Saguaro","10/09/01 00:00:00",,,,,,,
371,"R9",,15,"Saguaro","10/09/01 00:00:00",,,,,,,
372,"R9",,20,"Saguaro","10/09/01 00:00:00",,,,,,,
373,"R9",,25,"Saguaro","10/09/01 00:00:00",,,,,,,
374,"R9",,30,"Saguaro","10/09/01 00:00:00",,,,,,,
375,"R9",1,0.3,"Saguaro","10/09/01 00:00:00",78.2,2.6,24.3,,65.5,,
376,"R9",10,3,"Saguaro","10/09/01 00:00:00",78.2,2.6,23.8,,66,,
377,"R9",20,6.1,"Saguaro","10/09/01 00:00:00",78.2,2.6,23.7,,64,,
378,"R9",30,9.1,"Saguaro","10/09/01 00:00:00",,,23.6,,64.5,,
379,"R9",40,12.2,"Saguaro","10/09/01 00:00:00",,,23.2,,12.4,,
380,"R9",50,15.2,"Saguaro","10/09/01 00:00:00",36.5,2.3,22.9,,26,,
381,"R9",60,18.3,"Saguaro","10/09/01 00:00:00",,,22.7,,30.3,,
382,"R9",70,21.3,"Saguaro","10/09/01 00:00:00",36.5,2.3,22.5,,31.6,,
383,"R9",80,24.4,"Saguaro","10/09/01 00:00:00",,,22.4,,31.3,,
384,"R9",90,27.4,"Saguaro","10/09/01 00:00:00",,,22.1,,30.8,,
385,"R6",1,0.3,"Bartlett","10/09/01 00:00:00",10.1,0,24,,78.5,,
386,"R6",10,3,"Bartlett","10/09/01 00:00:00",,,24,,82.5,,
387,"R6",20,6.1,"Bartlett","10/09/01 00:00:00",10.1,0,24,,85,,
388,"R6",30,9.1,"Bartlett","10/09/01 00:00:00",,,24,,86,,
389,"R6",40,12.2,"Bartlett","10/09/01 00:00:00",10.1,0,24,,84,,
390,"R6",50,15.2,"Bartlett","10/09/01 00:00:00",,,24,,81,,
391,"R6",60,18.3,"Bartlett","10/09/01 00:00:00",,,19.3,,4,,
392,"R6",70,21.3,"Bartlett","10/09/01 00:00:00",,,,,,,
393,"R6",80,24.4,"Bartlett","10/09/01 00:00:00",0,0,17,,3,,
394,"R6",90,27.4,"Bartlett","10/09/01 00:00:00",,,,,,,
395,"R6",100,30.5,"Bartlett","10/09/01 00:00:00",,,16.1,,2.7,,
396,"R6",110,33.5,"Bartlett","10/09/01 00:00:00",,,,,,,
397,"R6",120,36.6,"Bartlett","10/09/01 00:00:00",0,0,15.3,,2.5,,
398,"R6",130,39.6,"Bartlett","10/09/01 00:00:00",,,,,,,
399,"R6",140,42.7,"Bartlett","10/09/01 00:00:00",,,14.5,,2.7,,
400,"R2",1,0.3,"Pleasant","10/09/01 00:00:00",17.8,0,24.2,,87.5,,
401,"R2",10,3,"Pleasant","10/09/01 00:00:00",,,24.2,,88.5,,
402,"R2",20,6.1,"Pleasant","10/09/01 00:00:00",,,24.2,,89,,
403,"R2",30,9.1,"Pleasant","10/09/01 00:00:00",,,24.2,,89,,
404,"R2",40,12.2,"Pleasant","10/09/01 00:00:00",,,24.2,,89,,
405,"R2",50,15.2,"Pleasant","10/09/01 00:00:00",17.8,0,24.2,,88.5,,
406,"R2",60,18.3,"Pleasant","10/09/01 00:00:00",,,24.1,,88.5,,
407,"R2",70,21.3,"Pleasant","10/09/01 00:00:00",,,19.5,,4,,
408,"R2",90,27.4,"Pleasant","10/09/01 00:00:00",2,0,16.4,,2,,
409,"R2",100,30.5,"Pleasant","10/09/01 00:00:00",,,,,,,
410,"R2",110,33.5,"Pleasant","10/09/01 00:00:00",,,14.7,,2,,
411,"R2",130,39.6,"Pleasant","10/09/01 00:00:00",2,0,13.3,,1.7,,
412,"R2",140,42.7,"Pleasant","10/09/01 00:00:00",,,,,,,
413,"R2",150,45.7,"Pleasant","10/09/01 00:00:00",,,13.2,,1.7,,
414,"R2",180,54.9,"Pleasant","10/09/01 00:00:00",,,,,,,
415,"SS-1",,0,"Saguaro","10/23/01 00:00:00",,,,,,,
416,"SS-1",,1,"Saguaro","10/23/01 00:00:00",,,,,,,
417,"SS-2",,0,"Saguaro","10/23/01 00:00:00",,,,,,,
418,"SS-3",,0,"Saguaro","10/23/01 00:00:00",,,,,,,
419,"SS-4",,0,"Saguaro","10/23/01 00:00:00",,,,,,,
420,"SS-4",,2,"Saguaro","10/23/01 00:00:00",,,,,,,
421,"SS-5",,0,"Saguaro","10/23/01 00:00:00",,,,,,,
422,"SS-6",,0,"Saguaro","10/23/01 00:00:00",,,,,,,
423,"SS-7",,0,"Saguaro","10/23/01 00:00:00",,,,,,,
424,"SS-8",,0,"Saguaro","10/23/01 00:00:00",,,,,,,
425,"SS-9",,0,"Saguaro","10/23/01 00:00:00",,,,,,,
426,"SS-10",,0,"Saguaro","10/23/01 00:00:00",,,,,,,
427,"SS-10",,5,"Saguaro","10/23/01 00:00:00",,,,,,,
428,"SS-10",,10,"Saguaro","10/23/01 00:00:00",,,,,,,
429,"SS-11",,0,"Saguaro","10/23/01 00:00:00",,,,,,,
430,"SS-11",,5,"Saguaro","10/23/01 00:00:00",,,,,,,
431,"SS-11",,10,"Saguaro","10/23/01 00:00:00",,,,,,,
432,"R8",,0,"Saguaro","10/23/01 00:00:00",,,,,,,
433,"R9",0,0,"Saguaro","10/23/01 00:00:00",,,,,,,
434,"R9",,1,"Saguaro","10/23/01 00:00:00",,,,,,,
435,"R9",,2,"Saguaro","10/23/01 00:00:00",,,,,,,
436,"R9",,3,"Saguaro","10/23/01 00:00:00",,,,,,,
437,"R9",,4,"Saguaro","10/23/01 00:00:00",,,,,,,
438,"R9",,5,"Saguaro","10/23/01 00:00:00",,,,,,,
439,"R9",,10,"Saguaro","10/23/01 00:00:00",,,,,,,
440,"R9",,15,"Saguaro","10/23/01 00:00:00",,,,,,,
441,"R9",,20,"Saguaro","10/23/01 00:00:00",,,,,,,
442,"R9",,25,"Saguaro","10/23/01 00:00:00",,,,,,,
443,"R9",,30,"Saguaro","10/23/01 00:00:00",,,,,,,
444,"R9",1,0.3,"Saguaro","10/23/01 00:00:00",25.8,0,22.1,,52.6,,
445,"R9",10,3,"Saguaro","10/23/01 00:00:00",25.8,0,22.1,,54,,
446,"R9",20,6.1,"Saguaro","10/23/01 00:00:00",,,22.1,,52.7,,
447,"R9",30,9.1,"Saguaro","10/23/01 00:00:00",,,22.1,,51.7,,
448,"R9",40,12.2,"Saguaro","10/23/01 00:00:00",,,22.1,,51.7,,
449,"R9",50,15.2,"Saguaro","10/23/01 00:00:00",25.8,0,22.1,,51.5,,
450,"R9",60,18.3,"Saguaro","10/23/01 00:00:00",,,22.1,,52.6,,
451,"R9",70,21.3,"Saguaro","10/23/01 00:00:00",,,22.1,,51.2,,
452,"R9",80,24.4,"Saguaro","10/23/01 00:00:00",,,22.1,,51.7,,
453,"R9",90,27.4,"Saguaro","10/23/01 00:00:00",25.8,0,22.1,,41,,
454,"R6",1,0.3,"Bartlett","10/23/01 00:00:00",9.300000000000001,0,22.1,,79.5,,
455,"R6",10,3,"Bartlett","10/23/01 00:00:00",,,21.7,,76,,
456,"R6",20,6.1,"Bartlett","10/23/01 00:00:00",9.300000000000001,0,21.6,,81,,
457,"R6",30,9.1,"Bartlett","10/23/01 00:00:00",,,21.5,,80,,
458,"R6",40,12.2,"Bartlett","10/23/01 00:00:00",,,21.5,,80.90000000000001,,
459,"R6",50,15.2,"Bartlett","10/23/01 00:00:00",,,21.5,,79.90000000000001,,
460,"R6",60,18.3,"Bartlett","10/23/01 00:00:00",9.300000000000001,0,21.5,,80,,
461,"R6",70,21.3,"Bartlett","10/23/01 00:00:00",,,21.4,,71.09999999999999,,
462,"R6",80,24.4,"Bartlett","10/23/01 00:00:00",,,19.2,,5,,
463,"R6",90,27.4,"Bartlett","10/23/01 00:00:00",0,0,,,,,
464,"R6",100,30.5,"Bartlett","10/23/01 00:00:00",,,17.2,,2.5,,
465,"R6",110,33.5,"Bartlett","10/23/01 00:00:00",,,,,,,
466,"R6",120,36.6,"Bartlett","10/23/01 00:00:00",0,0,16.1,,1.5,,
467,"R6",130,39.6,"Bartlett","10/23/01 00:00:00",,,,,,,
468,"R6",140,42.7,"Bartlett","10/23/01 00:00:00",,,15.3,,1.2,,
469,"R2",1,0.3,"Pleasant","10/24/01 00:00:00",15,0,22.3,,87.5,,
470,"R2",10,3,"Pleasant","10/24/01 00:00:00",,,22,,89.3,,
471,"R2",20,6.1,"Pleasant","10/24/01 00:00:00",15,0,21.9,,88.5,,
472,"R2",30,9.1,"Pleasant","10/24/01 00:00:00",,,21.9,,88.5,,
473,"R2",40,12.2,"Pleasant","10/24/01 00:00:00",,,21.8,,89,,
474,"R2",50,15.2,"Pleasant","10/24/01 00:00:00",,,21.8,,86,,
475,"R2",60,18.3,"Pleasant","10/24/01 00:00:00",15,0,21.8,,90,,
476,"R2",70,21.3,"Pleasant","10/24/01 00:00:00",,,21.7,,90,,
477,"R2",80,24.4,"Pleasant","10/24/01 00:00:00",,,18,,5.7,,
478,"R2",90,27.4,"Pleasant","10/24/01 00:00:00",,,,,,,
479,"R2",100,30.5,"Pleasant","10/24/01 00:00:00",,,15.8,,1.7,,
480,"R2",110,33.5,"Pleasant","10/24/01 00:00:00",3.9,0,,,,,
481,"R2",120,36.6,"Pleasant","10/24/01 00:00:00",,,14.2,,1.5,,
482,"R2",130,39.6,"Pleasant","10/24/01 00:00:00",,,,,,,
483,"R2",140,42.7,"Pleasant","10/24/01 00:00:00",,,13.5,,1.2,,
484,"R2",150,45.7,"Pleasant","10/24/01 00:00:00",3.9,0,,,,,
485,"R2",160,48.8,"Pleasant","10/24/01 00:00:00",,,13.4,,1.2,,
486,"R2",180,54.9,"Pleasant","10/24/01 00:00:00",,,,,,,
487,"SS-1",,0,"Saguaro",,,,,,,,
488,"SS-1",,1,"Saguaro",,,,,,,,
489,"SS-2",,0,"Saguaro",,,,,,,,
490,"SS-3",,0,"Saguaro",,,,,,,,
491,"SS-4",,0,"Saguaro",,,,,,,,
492,"SS-4",,2,"Saguaro",,,,,,,,
493,"SS-5",,0,"Saguaro",,,,,,,,
494,"SS-6",,0,"Saguaro",,,,,,,,
495,"SS-7",,0,"Saguaro",,,,,,,,
496,"SS-8",,0,"Saguaro",,,,,,,,
497,"SS-9",,0,"Saguaro",,,,,,,,
498,"SS-10",,0,"Saguaro",,,,,,,,
499,"SS-10",,5,"Saguaro",,,,,,,,
500,"SS-10",,10,"Saguaro",,,,,,,,
501,"SS-11",,0,"Saguaro",,,,,,,,
502,"SS-11",,5,"Saguaro",,,,,,,,
503,"SS-11",,10,"Saguaro",,,,,,,,
504,"R8",,0,"Saguaro",,,,,,,,
505,"R9",0,0,"Saguaro",,,,,,,,
506,"R9",,1,"Saguaro",,,,,,,,
507,"R9",,2,"Saguaro",,,,,,,,
508,"R9",,3,"Saguaro",,,,,,,,
509,"R9",,4,"Saguaro",,,,,,,,
510,"R9",,5,"Saguaro",,,,,,,,
511,"R9",,10,"Saguaro",,,,,,,,
512,"R9",,15,"Saguaro",,,,,,,,
513,"R9",,20,"Saguaro",,,,,,,,
514,"R9",,25,"Saguaro",,,,,,,,
515,"R9",,30,"Saguaro",,,,,,,,
516,"R9",1,0.3,"Saguaro","11/07/01 00:00:00",7.6,0,21.6,,74.09999999999999,,
517,"R9",10,3,"Saguaro","11/07/01 00:00:00",,,21.6,,69.8,,
518,"R9",20,6.1,"Saguaro","11/07/01 00:00:00",,,21.6,,63.9,,
519,"R9",30,9.1,"Saguaro","11/07/01 00:00:00",7.6,0,21.5,,60.5,,
520,"R9",40,12.2,"Saguaro","11/07/01 00:00:00",,,21.5,,60.2,,
521,"R9",50,15.2,"Saguaro","11/07/01 00:00:00",,,21.5,,58.9,,
522,"R9",60,18.3,"Saguaro","11/07/01 00:00:00",7.6,0,21.5,,57,,
523,"R9",70,21.3,"Saguaro","11/07/01 00:00:00",,,21.5,,54.3,,
524,"R9",80,24.4,"Saguaro","11/07/01 00:00:00",,,21.5,,53.7,,
525,"R9",90,27.4,"Saguaro","11/07/01 00:00:00",7.6,0,21.4,,57.2,,
526,"R9",100,30.5,"Saguaro","11/07/01 00:00:00",,,21.4,,54.1,,
527,"R6",1,0.3,"Bartlett","11/07/01 00:00:00",6.8,0,20.9,,77.09999999999999,,
528,"R6",10,3,"Bartlett","11/07/01 00:00:00",,,20.6,,74.09999999999999,,
529,"R6",20,6.1,"Bartlett","11/07/01 00:00:00",,,20.5,,75.09999999999999,,
530,"R6",30,9.1,"Bartlett","11/07/01 00:00:00",6.8,0,20.5,,74.09999999999999,,
531,"R6",40,12.2,"Bartlett","11/07/01 00:00:00",,,20.5,,73.09999999999999,,
532,"R6",50,15.2,"Bartlett","11/07/01 00:00:00",,,20.5,,72.5,,
533,"R6",60,18.3,"Bartlett","11/07/01 00:00:00",,,20.5,,69.90000000000001,,
534,"R6",70,21.3,"Bartlett","11/07/01 00:00:00",6.8,0,20.4,,67.90000000000001,,
535,"R6",80,24.4,"Bartlett","11/07/01 00:00:00",,,20.4,,64.5,,
536,"R6",90,27.4,"Bartlett","11/07/01 00:00:00",,,20.4,,64.5,,
537,"R6",100,30.5,"Bartlett","11/07/01 00:00:00",,,20.4,,61.5,,
538,"R6",110,33.5,"Bartlett","11/07/01 00:00:00",6.8,0,20.4,,60.1,,
539,"R6",120,36.6,"Bartlett","11/07/01 00:00:00",,,20.1,,32,,
540,"R6",130,39.6,"Bartlett","11/07/01 00:00:00",,,18.1,,1.7,,
541,"R6",140,42.7,"Bartlett","11/07/01 00:00:00",,,,,,,
542,"R2",1,0.3,"Pleasant","11/06/01 00:00:00",19.1,0,20.9,,80.5,,
543,"R2",10,3,"Pleasant","11/06/01 00:00:00",,,20.8,,81.40000000000001,,
544,"R2",20,6.1,"Pleasant","11/06/01 00:00:00",,,20.8,,80.59999999999999,,
545,"R2",30,9.1,"Pleasant","11/06/01 00:00:00",,,20.8,,79.7,,
546,"R2",40,12.2,"Pleasant","11/06/01 00:00:00",,,20.8,,79.59999999999999,,
547,"R2",50,15.2,"Pleasant","11/06/01 00:00:00",,,20.7,,79.2,,
548,"R2",60,18.3,"Pleasant","11/06/01 00:00:00",,,20.7,,79.3,,
549,"R2",70,21.3,"Pleasant","11/06/01 00:00:00",,,20.6,,77,,
550,"R2",80,24.4,"Pleasant","11/06/01 00:00:00",,,19.9,,66.3,,
551,"R2",90,27.4,"Pleasant","11/06/01 00:00:00",,,17.5,,12.5,,
552,"R2",100,30.5,"Pleasant","11/06/01 00:00:00",8.699999999999999,0,16.4,,2,,
553,"R2",110,33.5,"Pleasant","11/06/01 00:00:00",,,,,,,
554,"R2",120,36.6,"Pleasant","11/06/01 00:00:00",,,14.4,,0.6,,
555,"R2",130,39.6,"Pleasant","11/06/01 00:00:00",8.699999999999999,0,,,,,
556,"R2",140,42.7,"Pleasant","11/06/01 00:00:00",,,13.6,,0.6,,
557,"R2",150,45.7,"Pleasant","11/06/01 00:00:00",,,,,,,
558,"R2",160,48.8,"Pleasant","11/06/01 00:00:00",,,13.5,,0.5,,
559,"R2",180,54.9,"Pleasant",,,,,,,,
560,"SS-1",,0,"Saguaro",,,,,,,,
561,"SS-1",,1,"Saguaro",,,,,,,,
562,"SS-2",,0,"Saguaro",,,,,,,,
563,"SS-3",,0,"Saguaro",,,,,,,,
564,"SS-4",,0,"Saguaro",,,,,,,,
565,"SS-4",,2,"Saguaro",,,,,,,,
566,"SS-5",,0,"Saguaro",,,,,,,,
567,"SS-6",,0,"Saguaro",,,,,,,,
568,"SS-7",,0,"Saguaro",,,,,,,,
569,"SS-8",,0,"Saguaro",,,,,,,,
570,"SS-9",,0,"Saguaro",,,,,,,,
571,"SS-10",,0,"Saguaro",,,,,,,,
572,"SS-10",,5,"Saguaro",,,,,,,,
573,"SS-10",,10,"Saguaro",,,,,,,,
574,"SS-11",,0,"Saguaro",,,,,,,,
575,"SS-11",,5,"Saguaro",,,,,,,,
576,"SS-11",,10,"Saguaro",,,,,,,,
577,"R8",,0,"Saguaro",,,,,,,,
578,"R9",0,0,"Saguaro","11/19/01 00:00:00",,,,,,,
579,"R9",,1,"Saguaro","11/19/01 00:00:00",,,,,,,
580,"R9",,2,"Saguaro","11/19/01 00:00:00",,,,,,,
581,"R9",,3,"Saguaro","11/19/01 00:00:00",,,,,,,
582,"R9",,4,"Saguaro","11/19/01 00:00:00",,,,,,,
583,"R9",,5,"Saguaro","11/19/01 00:00:00",,,,,,,
584,"R9",,10,"Saguaro","11/19/01 00:00:00",,,,,,,
585,"R9",,15,"Saguaro","11/19/01 00:00:00",,,,,,,
586,"R9",,20,"Saguaro","11/19/01 00:00:00",,,,,,,
587,"R9",,25,"Saguaro","11/19/01 00:00:00",,,,,,,
588,"R9",,30,"Saguaro","11/19/01 00:00:00",,,,,,,
589,"R9",1,0.3,"Saguaro","11/19/01 00:00:00",2.7,0,20.3,,63.7,,
590,"R9",10,3,"Saguaro","11/19/01 00:00:00",,,,,,,
591,"R9",20,6.1,"Saguaro","11/19/01 00:00:00",,,20.3,,62.6,,
592,"R9",30,9.1,"Saguaro","11/19/01 00:00:00",2.7,0,,,,,
593,"R9",40,12.2,"Saguaro","11/19/01 00:00:00",,,20.3,,60.8,,
594,"R9",50,15.2,"Saguaro","11/19/01 00:00:00",,,,,,,
595,"R9",60,18.3,"Saguaro","11/19/01 00:00:00",,,20.3,,60.9,,
596,"R9",70,21.3,"Saguaro","11/19/01 00:00:00",2.7,0,,,,,
597,"R9",80,24.4,"Saguaro","11/19/01 00:00:00",,,20.3,,60,,
598,"R9",90,27.4,"Saguaro","11/19/01 00:00:00",,,,,,,
599,"R9",100,30.5,"Saguaro","11/19/01 00:00:00",,,20.3,,59,,
600,"R6",1,0.3,"Bartlett","11/19/01 00:00:00",2.1,0,19.1,,75,,
601,"R6",10,3,"Bartlett","11/19/01 00:00:00",,,,,,,
602,"R6",20,6.1,"Bartlett","11/19/01 00:00:00",,,19.1,,74,,
603,"R6",30,9.1,"Bartlett","11/19/01 00:00:00",,,,,,,
604,"R6",40,12.2,"Bartlett","11/19/01 00:00:00",2.1,0,19.1,,74,,
605,"R6",50,15.2,"Bartlett","11/19/01 00:00:00",,,,,,,
606,"R6",60,18.3,"Bartlett","11/19/01 00:00:00",,,19.1,,74,,
607,"R6",70,21.3,"Bartlett","11/19/01 00:00:00",,,,,,,
608,"R6",80,24.4,"Bartlett","11/19/01 00:00:00",2.1,0,19.1,,73,,
609,"R6",90,27.4,"Bartlett","11/19/01 00:00:00",,,,,,,
610,"R6",100,30.5,"Bartlett","11/19/01 00:00:00",,,18.7,,65,,
611,"R6",110,33.5,"Bartlett","11/19/01 00:00:00",,,,,,,
612,"R6",120,36.6,"Bartlett","11/19/01 00:00:00",,,18.5,,57,,
613,"R6",130,39.6,"Bartlett","11/19/01 00:00:00",,,,,,,
614,"R6",140,42.7,"Bartlett","11/19/01 00:00:00",,,,,,,
615,"R2",1,0.3,"Pleasant","11/19/01 00:00:00",14.4,0,19.2,,94.5,,
616,"R2",10,3,"Pleasant","11/19/01 00:00:00",,,,,,,
617,"R2",20,6.1,"Pleasant","11/19/01 00:00:00",,,19.2,,89,,
618,"R2",30,9.1,"Pleasant","11/19/01 00:00:00",,,,,,,
619,"R2",40,12.2,"Pleasant","11/19/01 00:00:00",14.4,0,19.1,,89.5,,
620,"R2",50,15.2,"Pleasant","11/19/01 00:00:00",,,,,,,
621,"R2",60,18.3,"Pleasant","11/19/01 00:00:00",,,19.1,,86,,
622,"R2",70,21.3,"Pleasant","11/19/01 00:00:00",,,,,,,
623,"R2",80,24.4,"Pleasant","11/19/01 00:00:00",14.4,0,18.8,,82,,
624,"R2",90,27.4,"Pleasant","11/19/01 00:00:00",,,,,,,
625,"R2",100,30.5,"Pleasant","11/19/01 00:00:00",,,18.8,,80.5,,
626,"R2",110,33.5,"Pleasant","11/19/01 00:00:00",,,,,,,
627,"R2",120,36.6,"Pleasant","11/19/01 00:00:00",,,17.9,,61,,
628,"R2",130,39.6,"Pleasant","11/19/01 00:00:00",,,,,,,
629,"R2",140,42.7,"Pleasant","11/19/01 00:00:00",5,0,15.8,,7.5,,
630,"R2",150,45.7,"Pleasant","11/19/01 00:00:00",,,,,,,
631,"R2",160,48.8,"Pleasant","11/19/01 00:00:00",5,0,15.6,,3.8,,
632,"R2",180,54.9,"Pleasant","11/19/01 00:00:00",,,,,,,
