ID,Site Name,Site Location,Cluster Name,Site Acronym,Date,Mib(ng/L),Geosmin(ng/L),TP (ug/L),DOC (mg/L),UVA(cm-1),Suva(L/mg-m),Conductance(us/cm),TDN (mg/L)
2,Can1A,"Canyon Lake, upper",SRP,"Canyon, epi, upper",2/15/2012,1.1,.79,62,3.8,.03,.8,1102,.3
3,Can1B,"Canyon Lake, upper",SRP,"Canyon, hypo, upper",2/15/2012,12.76,13.87,28,4.6,.03,.7,1095,.5
4,Can2A,"Canyon Lake, lower",SRP,"Canyon, epi, lower",2/15/2012,8.40,9.68,21.6,3.9,.03,.8,1097,.4
5,Can2B,"Canyon Lake, lower",SRP,"Canyon, hypo, lower",2/15/2012,25.2,2,15.6,4.4,.03,.7,1096,.5
6,APA1A,"Apache Lake, upper",SRP,"Apache, epi, upper",2/15/2012,.54,.79,62,5.5,.03,.8,1102,.3
7,APA1B,"Apache Lake, upper",SRP,"Apache, hypo, upper",2/15/2012,6.5,0,14,3.8,.03,.8,1114,.3
8,APA2A,"Apache Lake, lower",SRP,"Apache, epi, lower",2/15/2012,.7,1,10,5.5,.06,1.2,1202,.4
9,APA2B,"Apache Lake, lower",SRP,"Apache, hypo, lower",2/15/2012,.6,1,18,3.9,.03,.8,1101,.4
10,Roos1A,"Roosevelt Lake, upper",SRP,"Roosevelt, epi, upper",2/15/2012,1.0,1.3,16.8,3.7,.03,.8,1387,.3
11,Roos1B,"Roosevelt Lake, upper",SRP,"Roosevelt, hypo, upper",2/15/2012,1.64,1.11,7.2,3.6,.03,.8,1393,.3
12,Roos2A,"Roosevelt Lake, lower",SRP,"Roosevelt, epi, lower",2/15/2012,.86,1.44,5.2,3.6,.03,.8,1352,.3
13,Roos2B,"Roosevelt Lake, lower",SRP,"Roosevelt, hypo, lower",2/15/2012,1.0,1.1,10,3.7,.8,1.0,1491,.4
14,Can1A,"Canyon Lake, upper",SRP,"Canyon, epi, upper",5/16/2012,2.2,0,14.6,4.5,.1,1.7,1005,.5
15,Can1B,"Canyon Lake, upper",SRP,"Canyon, hypo, upper",5/16/2012,3.9,4.7,14.4,6.5,.1,1.2,1009,1.1
16,Can2A,"Canyon Lake, lower",SRP,"Canyon, epi, lower",5/16/2012,,,11.4,3.9,.1,1.8,1009,.4
17,Can2B,"Canyon Lake, lower",SRP,"Canyon, hypo, lower",5/16/2012,,,13.8,3.8,.1,1.8,1007,.4
18,APA1A,"Apache Lake, upper",SRP,"Apache, epi, upper",5/16/2012,4.5,4.2,28.2,6.3,.1,1.2,993,.6
19,APA1B,"Apache Lake, upper",SRP,"Apache, hypo, upper",5/16/2012,,,19,4.0,.1,1.7,1007,.4
20,APA2A,"Apache Lake, lower",SRP,"Apache, epi, lower",5/16/2012,2.9,0,11.8,4.1,.1,1.7,,.3
21,APA2B,"Apache Lake, lower",SRP,"Apache, hypo, lower",5/16/2012,,,9,3.8,.1,1.8,,.4
22,Roos1A,"Roosevelt Lake, upper",SRP,"Roosevelt, epi, upper",5/16/2012,,,,4.6,,,1235,
23,Roos1B,"Roosevelt Lake, upper",SRP,"Roosevelt, hypo, upper",5/16/2012,,,,,,,1255,
24,Roos2A,"Roosevelt Lake, lower",SRP,"Roosevelt, epi, lower",5/16/2012,,,,,,,1229,
25,Roos2B,"Roosevelt Lake, lower",SRP,"Roosevelt, hypo, lower",5/16/2012,1.0,1.1,10,3.7,.03,.8,1491,.4
63,Can1A,"Canyon Lake, upper",SRP,"Canyon, epi, upper",8/15/2012,24.2,0,30,4,0.07,1.7,1199,0.4
64,Can1B,"Canyon Lake, upper",SRP,"Canyon, hypo, upper",8/15/2012,14.7,0,40,4.12,0.07,1.6,1204,0.45
65,Can2A,"Canyon Lake, lower",SRP,"Canyon, epi, lower",8/15/2012,25.2,2,30,4.09,0.07,1.7,1204,0.31
66,Can2B,"Canyon Lake, lower",SRP,"Canyon, hypo, lower",8/15/2012,14.3,0,30,3.63,0.06,1.7,1209,0.38
67,APA1A,"Apache Lake, upper",SRP,"Apache, epi, upper",8/15/2012,6.5,0,20,5.48,0.06,1.1,1203,0.42
68,APA1B,"Apache Lake, upper",SRP,"Apache, hypo, upper",8/15/2012,0,0,20,4.04,0.07,1.6,1265,0.44
69,APA2A,"Apache Lake, lower",SRP,"Apache, epi, lower",8/15/2012,2.8,0,10,5.46,0.06,1.2,1202,0.37
70,APA2B,"Apache Lake, lower",SRP,"Apache, hypo, lower",8/15/2012,0,0,10,4.19,0.07,1.6,1206,0.41
71,Roos1A,"Roosevelt Lake, upper",SRP,"Roosevelt, epi, upper",8/15/2012,35.4,0,20,4.44,0.058,1.3,1579,0.44
72,Roos1B,"Roosevelt Lake, upper",SRP,"Roosevelt, hypo, upper",8/15/2012,56.8,0,20,4.59,0.06,1.4,1637,0.41
73,Roos2A,"Roosevelt Lake, lower",SRP,"Roosevelt, epi, lower",8/15/2012,15.9,0,10,4.53,0.05,1.1,1393,0.43
74,Roos2B,"Roosevelt Lake, lower",SRP,"Roosevelt, hypo, lower",8/15/2012,0,0,10,3.58,0.06,1.8,1300,0.33
123,Can1A,"Canyon Lake, upper",SRP,"Canyon, epi, upper",11/15/2012,8.93172267472329,1.97639400946178,10.5,4.50591704133114,0.063,1.39816156005812,1277,0.374728087285892
124,Can1B,"Canyon Lake, upper",SRP,"Canyon, hypo, upper",11/15/2012,7.82764368926794,1.38528478068949,9.9,3.74049718547454,0.065,1.73773690439908,1279,0.498514930836601
125,Can2A,"Canyon Lake, lower",SRP,"Canyon, eppi, lower",11/15/2012,8.74446698776281,1.59496126183891,18.2,3.58681639570216,0.063,1.75643225216347,1277,0.338926162548169
126,Can2B,"Canyon Lake, lower",SRP,"Canyon, hypo, lower",11/15/2012,7.46772366757764,1.38416948025784,6.2,3.55995955865456,0.062,1.74159281807775,1277,0.349340244429425
127,APA1A,"Apache Lake, upper",SRP,"Apache, epi, upper",11/15/2012,4.62322061327305,2.54073602787457,13.7,3.72408467394545,0.061,1.63798638701128,1308,0.352774076833515
128,APA1B,"Apache Lake, upper",SRP,"Apache, hypo, upper",11/15/2012,4.51216421018392,2.19610819449601,7.6,3.74348127847983,0.061,1.62949926718403,1303,0.361161634673012
129,APA2A,"Apache Lake, lower",SRP,"Apache, epi, lower",11/15/2012,3.62857676954784,1.14326458702235,9.8,3.67037099985025,0.061,1.66195733353628,1290,0.345737535021856
130,APA2B,"Apache Lake, lower",SRP,"Apache, hypo, lower",11/15/2012,3.82637065534161,1.12318917925272,12.3,3.75392560399834,0.061,1.62496560760363,1290,0.395837712720869
131,Roos1A,"Roosevelt Lake, upper",SRP,"Roosevelt, epi, upper",11/15/2012,2.69554085746332,0.595652075084246,7.9,3.43313560592978,0.059,1.71854557385074,1688,0.293329371608618
132,Roos1B,"Roosevelt Lake, upper",SRP,"Roosevelt, hypo, upper",11/15/2012,2.36804606295233,0.595652075084246,4.2,3.41821514090334,0.059,1.72604700312714,1696,0.309597856277174
133,Roos2A,"Roosevelt Lake, lower",SRP,"Roosevelt, epi, lower",11/15/2012,2.47018552856715,0.595652075084246,2.5,3.43761174543771,0.058,1.68721787959259,1573,0.269067375442017
134,Roos2B,"Roosevelt Lake, lower",SRP,"Roosevelt, hypo, lower",11/15/2012,2.27725542685028,1.24698752716541,-0.1,3.36599351331078,0.058,1.72311680847392,1592,0.256176430843057
195,Can1A,"Canyon Lake, upper",SRP,"Canyon, epi, upper",2/6/2013,2.04863533477319,0.930855679510114,50,5.21,0.102,1.95777351247601,1152,0.4188
196,Can1B,"Canyon Lake, upper",SRP,"Canyon, hypo, upper",2/6/2013,1.75616604164446,0,50,3.85,0.066,1.71428571428571,1289,0.48707
197,Can2A,"Canyon Lake, lower",SRP,"Canyon, epi, lower",2/6/2013,2.11362851102402,1.10929158536224,50,4.82,0.102,2.11618257261411,1149,0.4413
198,Can2B,"Canyon Lake, lower",SRP,"Canyon, hypo, lower",2/6/2013,1.72436087028768,0,30,3.82,0.066,1.72774869109948,1279,0.464
199,APA1A,"Apache Lake, upper",SRP,"Apache, epi, upper",2/6/2013,0.918860334838584,0,40,4.43,0.072,1.62528216704289,1338,0.39
200,APA1B,"Apache Lake, upper",SRP,"Apache, hypo, upper",2/6/2013,0.918860334838584,0,40,4.19,0.062,1.47971360381862,1328,0.433
201,APA2A,"Apache Lake, lower",SRP,"Apache, epi, lower",2/6/2013,0.918860334838584,0,50,3.5,0.06,1.71428571428571,1306,0.397
202,APA2B,"Apache Lake, lower",SRP,"Apache, hypo, lower",2/6/2013,0.918860334838584,0,40,4.26,0.058,1.36150234741784,1326,0.408
203,Roos1A,"Roosevelt Lake, upper",SRP,"Roosevelt, epi, upper",2/6/2013,1.91795756550291,0.563859844778783,60,5.25,0.15,2.85714285714286,1407,0.626
204,Roos1B,"Roosevelt Lake, upper",SRP,"Roosevelt, hypo, upper",2/6/2013,2.08735467381624,0.638524514603433,60,5.29,0.147,2.77882797731569,1446,0.643
205,Roos2A,"Roosevelt Lake, lower",SRP,"Roosevelt, epi, lower",2/6/2013,1.684950114476,0,30,5.89,0.164,2.78438030560272,1164,0.663
206,Roos2B,"Roosevelt Lake, lower",SRP,"Roosevelt, hypo, lower",2/6/2013,0.918860334838584,0,20,3.53,0.064,1.81303116147309,1641,0.372
207,Can1A,"Canyon Lake, upper",SRP,"Canyon, epi, upper",5/8/2013,4.29074765522403,5.20809909175327,30,4.18,0.078,1.86602870813397,1203,0.34
208,Can1B,"Canyon Lake, upper",SRP,"Canyon, hypo, upper",5/8/2013,1.71197342928023,1.26115515127622,20,4.38,0.081,1.84931506849315,1212,0.38
209,Can2A,"Canyon Lake, lower",SRP,"Canyon, epi, lower",5/8/2013,3.09205786694082,1.86281511593242,20,4.13,0.08,1.93704600484262,1208,0.38
210,Can2B,"Canyon Lake, lower",SRP,"Canyon, hypo, lower",5/8/2013,2.33889879642658,1.52173803846292,10,4.04,0.076,1.88118811881188,1216,0.39
211,APA1A,"Apache Lake, upper",SRP,"Apache, epi, upper",5/8/2013,4.29393001749381,1.14791756155635,10,4.45,0.068,1.52808988764045,1383,0.5
212,APA1B,"Apache Lake, upper",SRP,"Apache, hypo, upper",5/8/2013,1.04049499035698,0.257024235206018,20,3.74,0.063,1.68449197860963,1355,0.5
213,APA2A,"Apache Lake, lower",SRP,"Apache, eppi, lower",5/8/2013,1.95489374920665,0.90234206577831,0,5.38,0.065,1.20817843866171,1420,0.45
214,APA2B,"Apache Lake, lower",SRP,"Apache, hypo, lower",5/8/2013,1.04049499035698,0.257024235206018,0,5.13,0.062,1.20857699805068,1352,0.47
215,Roos1A,"Roosevelt Lake, upper",SRP,"Roosevelt, epi, upper",5/8/2013,2.90748085529367,0.257024235206018,0,4.05,0.097,2.39506172839506,1267,0.35
216,Roos1B,"Roosevelt Lake, upper",SRP,"Roosevelt, hypo, upper",5/8/2013,1.04049499035698,0.257024235206018,10,4.96,0.088,1.7741935483871,1495,0.84
217,Roos2A,"Roosevelt Lake, lower",SRP,"Roosevelt, epi, lower",5/8/2013,1.04049499035698,0.257024235206018,0,5.87,0.089,1.51618398637138,1371,0.41
218,Roos2B,"Roosevelt Lake, lower",SRP,"Roosevelt, hypo, lower",5/8/2013,1.04049499035698,0.257024235206018,10,3.96,0.072,1.81818181818182,1385,0.52
219,Can1A,"Canyon Lake, upper",SRP,"Canyon, epi, upper",8/5/2013,4.55151509873771,1.62063675812437,50,4.36722549821606,0.073,1.67154180680204,1466,0.28
220,Can1B,"Canyon Lake, upper",SRP,"Canyon, hypo, upper",8/5/2013,2.16408986835431,0.993389485654215,40,4.35100051256914,0.071,1.63180858735584,1563,0.55
221,Can2A,"Canyon Lake, lower",SRP,"Canyon, epi, lower",8/5/2013,4.71309355250769,1.65510089397438,40,4.41737545385197,0.077,1.74311649087595,1446,0.32
222,Can2B,"Canyon Lake, lower",SRP,"Canyon, hypo, lower",8/5/2013,2.38367084399044,0.419906265110068,30,3.91440089879768,0.07,1.78826854504097,1216,0.4
223,APA1A,"Apache Lake, upper",SRP,"Apache, epi, upper",8/5/2013,17.2478528315098,1.13124602905425,30,4.51177537034309,0.06,1.32985344071856,1486,0.34
224,APA1B,"Apache Lake, upper",SRP,"Apache, hypo, upper",8/5/2013,2.42820849470909,0.419906265110068,30,3.68577610104574,0.066,1.79066764205439,1597,0.37
225,APA2A,"Apache Lake, lower",SRP,"Apache, epi, lower",8/5/2013,5.24340232385532,1.37249498000431,20,4.43065044210853,0.059,1.33163292322204,1466,0.3
226,APA2B,"Apache Lake, lower",SRP,"Apache, hypo, lower",8/5/2013,1.19565490505346,0.419906265110068,20,3.74920104493821,0.065,1.7337027068142,1604,0.29
227,Roos1A,"Roosevelt Lake, upper",SRP,"Roosevelt, epi, upper",8/5/2013,4.35782810607753,0.419906265110068,30,4.05157577744885,0.08,1.97454038612042,1655,0.31
228,Roos1B,"Roosevelt Lake, upper",SRP,"Roosevelt, hypo, upper",8/5/2013,4.40754455339138,0.419906265110068,30,4.54717533902727,0.082,1.80331730989598,1655,0.42
229,Roos2A,"Roosevelt Lake, lower",SRP,"Roosevelt, epi, lower",8/5/2013,6.13519109754734,0.419906265110068,20,5.0811248666802,0.072,1.41700906569222,1539,0.34
230,Roos2B,"Roosevelt Lake, lower",SRP,"Roosevelt, hypo, lower",8/5/2013,1.19565490505346,0.419906265110068,10,3.75952603580443,0.074,1.96833322326404,1590,0.37
231,Can1A,"Canyon Lake, upper",SRP,"Canyon, epi, upper",11/6/2013,8.865508937942,1.50978793036908,150,3.48691583946136,0.068,1.9501474406249,1574,0.362937826465617
232,Can1B,"Canyon Lake, upper",SRP,"Canyon, hypo, upper",11/6/2013,7.07474618702572,1.57653942453877,120,4.19110039705048,0.071,1.69406583650362,1592,0.420769644729948
233,Can2A,"Canyon Lake, lower",SRP,"Canyon, epi, lower",11/6/2013,9.98557402933908,2.22362023536743,30,3.98571323442032,0.069,1.73118325232536,1621,0.386909564606273
234,Can2B,"Canyon Lake, lower",SRP,"Canyon, hypo, lower",11/6/2013,8.08175081581813,2.14733281345921,60,3.65524065695525,0.069,1.88770060512173,1576,0.435572193031803
235,APA1A,"Apache Lake, upper",SRP,"Apache, epi, upper",11/6/2013,6.97414153809784,0.462198154522265,80,3.84672944015931,0.065,1.68974712183834,1612,0.357244538657212
236,APA1B,"Apache Lake, upper",SRP,"Apache, hypo, upper",11/6/2013,6.22775085700432,0.652916709292816,60,4.10307732735184,0.066,1.60854877289376,1614,0.463738985347073
237,APA2A,"Apache Lake, lower",SRP,"Apache, epi, lower",11/6/2013,7.48962059641403,0.558919707298759,90,3.60119140363153,0.067,1.86049538862154,1611,0.401472395526721
238,APA2B,"Apache Lake, lower",SRP,"Apache, hypo, lower",11/6/2013,7.49153687544123,0.568455635037286,90,3.53787656402373,0.065,1.83726025551535,1615,0.361499522177178
239,Roos1A,"Roosevelt Lake, upper",SRP,"Roosevelt, epi, upper",11/6/2013,3.9684578839382,3.85305078533964E-02,80,3.71237843904034,0.079,2.12801580704207,1620,0.310080143865472
240,Roos1B,"Roosevelt Lake, upper",SRP,"Roosevelt, hypo, upper",11/6/2013,2.92408581411543,3.85305078533964E-02,40,3.5888372885861,0.077,2.14554168406826,1624,0.293839291275178
241,Roos2A,"Roosevelt Lake, lower",SRP,"Roosevelt, epi, lower",11/6/2013,3.52962998670992,3.85305078533964E-02,50,3.73399814036983,0.075,2.00857089855357,1579,0.340224604577346
242,Roos2B,"Roosevelt Lake, lower",SRP,"Roosevelt, hypo, lower",11/6/2013,3.37920208307489,3.85305078533964E-02,50,3.55331920783051,0.075,2.11070257450333,1575,0.309301062375901
243,Can1A,"Canyon Lake, upper",SRP,"Canyon, epi, upper",2/5/2014,1.82464067814663,1.45806349295589,0,4.01911367699385,0.067,1.66703421163528,1535,0.528961964706518
244,Can1B,"Canyon Lake, upper",SRP,"Canyon, hypo, upper",2/5/2014,1.82464067814663,1.45806349295589,10,4.48771740100078,0.068,1.51524692675247,1568,0.535497672826506
245,Can2A,"Canyon Lake, lower",SRP,"Canyon, epi, lower",2/5/2014,1.82464067814663,1.45806349295589,60,4.10499924698869,0.068,1.65651674722919,1539,0.51737593667563
246,Can2B,"Canyon Lake, lower",SRP,"Canyon, hypo, lower",2/5/2014,1.82464067814663,1.45806349295589,20,3.97240398103175,0.067,1.68663611052465,1531,0.521435997780471
247,APA1A,"Apache Lake, upper",SRP,"Apache, epi, upper",2/5/2014,1.82464067814663,1.45806349295589,10,4.0281542633091,0.062,1.53916647544346,1595,0.426668230040644
248,APA1B,"Apache Lake, upper",SRP,"Apache, hypo, upper",2/5/2014,1.82464067814663,1.45806349295589,10,3.72981491490597,0.06,1.60865891120264,1588,0.395871181172216
249,APA2A,"Apache Lake, lower",SRP,"Apache, epi, lower",2/5/2014,1.82464067814663,1.45806349295589,0,3.70419992034611,0.055,1.48480106858976,1585,0.425677971234585
250,APA2B,"Apache Lake, lower",SRP,"Apache, hypo, lower",2/5/2014,1.82464067814663,1.45806349295589,0,4.05527602225484,0.061,1.50421326847395,1597,0.450335415505449
251,Roos1A,"Roosevelt Lake, upper",SRP,"Roosevelt, epi, upper",2/5/2014,2.64356735222516,1.45806349295589,0,3.8337816575313,0.07,1.82587341306952,1669,0.349329017287452
252,Roos1B,"Roosevelt Lake, upper",SRP,"Roosevelt, hypo, upper",2/5/2014,2.7132867852886,1.45806349295589,0,4.1923915813694,0.074,1.76510229456736,1680,0.492421414762948
253,Roos2A,"Roosevelt Lake, lower",SRP,"Roosevelt, epi, lower",2/5/2014,2.17987778946989,1.45806349295589,0,3.66502404631337,0.069,1.88266159043095,1627,0.361311148840764
254,Roos2B,"Roosevelt Lake, lower",SRP,"Roosevelt, hypo, lower",2/5/2014,2.07253199570554,1.45806349295589,0,3.64242258052526,0.069,1.89434362637983,1636,0.39864390582918
255,Can1A,"Canyon Lake, upper",SRP,"Canyon, epi, upper",5/7/2014,1.29333522666632,1.34636675546883,30,3.71,0.066,1.77897574123989,1583,0.3
256,Can1B,"Canyon Lake, upper",SRP,"Canyon, hypo, upper",5/7/2014,1.38144951857248,1.01295570124362,20,3.6,0.074,2.05555555555556,1581,0.38
257,Can2A,"Canyon Lake, lower",SRP,"Canyon, epi, lower",5/7/2014,0.712647598038892,1.11053942443148,20,3.79,0.067,1.76781002638522,1591,0.33
258,Can2B,"Canyon Lake, lower",SRP,"Canyon, hypo, lower",5/7/2014,1.27600126760282,0.965790235036147,10,3.57,0.067,1.87675070028011,1594,0.39
259,APA1A,"Apache Lake, upper",SRP,"Apache, epi, upper",5/7/2014,2.1036978128852,2.65236225079978,10,3.89,0.059,1.51670951156812,1637,0.29
260,APA1B,"Apache Lake, upper",SRP,"Apache, hypo, upper",5/7/2014,1.26155630171656,1.88795641916149,20,3.62,0.061,1.68508287292818,1637,0.32
261,APA2A,"Apache Lake, lower",SRP,"Apache, epi, lower",5/7/2014,1.37422703562935,2.85566167410784,0,4.04,0.061,1.50990099009901,1644,0.34
262,APA2B,"Apache Lake, lower",SRP,"Apache, hypo, lower",5/7/2014,0.680868673089132,1.55129257416335,0,3.83,0.062,1.61879895561358,1630,0.4
263,Roos1A,"Roosevelt Lake, upper",SRP,"Roosevelt, epi, upper",5/7/2014,4.29355464124139,1.33986117392297,0,4.15,0.068,1.63855421686747,1845,0.32
264,Roos1B,"Roosevelt Lake, upper",SRP,"Roosevelt, hypo, upper",5/7/2014,2.86350301850219,1.12680337829613,10,4.21,0.066,1.56769596199525,1860,0.4
265,Roos2A,"Roosevelt Lake, lower",SRP,"Roosevelt, epi, lower",5/7/2014,3.28529602238082,2.56616329531717,0,4.06,0.067,1.65024630541872,1729,0.38
266,Roos2B,"Roosevelt Lake, lower",SRP,"Roosevelt, hypo, lower",5/7/2014,0.920655106800958,1.13493535522845,10,4,0.065,1.625,1705,0.38
267,Can1A,"Canyon Lake, upper",SRP,"Canyon, epi, upper",8/6/2014,0.942129387392818,1.07965033302307,24,10.99,0.062,0.564149226569609,1675,0.2746
268,Can1B,"Canyon Lake, upper",SRP,"Canyon, hypo, upper",8/6/2014,2.34717741262936,0.979721453013417,20,9.426,0.069,0.732017823042648,1673,0.3985
269,Can2A,"Canyon Lake, lower",SRP,"Canyon, epi, lower",8/6/2014,2.84964491834309,1.11039768071835,10,8.854,0.061,0.6889541450192,1675,0.332
270,Can2B,"Canyon Lake, lower",SRP,"Canyon, hypo, lower",8/6/2014,2.64726217298617,0.879792573003764,12,8.615,0.063,0.731282646546721,1703,0.2978
271,APA1A,"Apache Lake, upper",SRP,"Apache, epi, upper",8/6/2014,11.7382020448809,1.04634070635319,22,9.728,0.066,0.678453947368421,1678,0.301
272,APA1B,"Apache Lake, upper",SRP,"Apache, hypo, upper",8/6/2014,3.59636746155655,0.34940082526022,8,9.698,0.073,0.752732522169519,1687,0.2877
273,APA2A,"Apache Lake, lower",SRP,"Apache, epi, lower",8/6/2014,,,10,9.558,0.063,0.659133709981168,1684,0.2937
274,APA2B,"Apache Lake, lower",SRP,"Apache, hypo, lower",8/6/2014,,,10,11.6,0.058,0.5,1688,0.2368
275,Roos1A,"Roosevelt Lake, upper",SRP,"Roosevelt, epi, upper",8/6/2014,,,12,6.937,0.097,1.39829897650281,2140,0.2927
276,Roos1B,"Roosevelt Lake, upper",SRP,"Roosevelt, hypo, upper",8/6/2014,,,14,14.27,0.102,0.714786264891381,2300,0.3291
277,Roos2A,"Roosevelt Lake, lower",SRP,"Roosevelt, epi, lower",8/6/2014,,,10,5.256,0.059,1.12252663622527,1927,0.2753
278,Roos2B,"Roosevelt Lake, lower",SRP,"Roosevelt, hypo, lower",8/6/2014,,,12,12.25,0.089,0.726530612244898,1768,0.2526
387,Can1A,"Canyon Lake, upper",SRP,"Canyon, eppi, upper",11/5/2014,6.11777895514905,1.11202424584411,134,3.8,0.069,1.8,1659,0.275
388,Can1B,"Canyon Lake, upper",SRP,"Canyon, hypo, upper",11/5/2014,6.47431355704692,0.47877575007222,128,4,0.071,1.8,1660,0.389
389,Can2A,"Canyon Lake, lower",SRP,"Canyon, eppi, lower",11/5/2014,6.01257202344148,1.27252501666187,113,3.8,0.07,1.8,1655,0.306
390,Can2B,"Canyon Lake, lower",SRP,"Canyon, hypo, lower",11/5/2014,6.51230494905243,1.32213434582372,53,3.6,0.068,1.9,1657,0.286
391,APA1A,"Apache Lake, upper",SRP,"Apache, eppi, upper",11/5/2014,20.6100337978665,0.47877575007222,84,3.4,0.059,1.8,1694,0.215
392,APA1B,"Apache Lake, upper",SRP,"Apache, hypo, upper",11/5/2014,20.2534991959686,0.47877575007222,56,3.8,0.06,1.6,1694,0.229
393,APA2A,"Apache Lake, lower",SRP,"Apache, eppi, lower",11/5/2014,20.7035510704954,0.47877575007222,94,3.4,0.061,1.8,1693,0.234
394,APA2B,"Apache Lake, lower",SRP,"Apache, hypo, lower",11/5/2014,19.268645418595,0.47877575007222,72,3.6,0.061,1.7,1692,0.263
395,Roos1A,"Roosevelt Lake, upper",SRP,"Roosevelt, eppi, upper",11/5/2014,5.87229611449806,0.47877575007222,56,3.6,0.069,1.9,1965,0.206
396,Roos1B,"Roosevelt Lake, upper",SRP,"Roosevelt, hypo, upper",11/5/2014,5.91028750650357,0.47877575007222,73,3.7,0.07,1.9,1967,0.308
397,Roos2A,"Roosevelt Lake, lower",SRP,"Roosevelt, eppi, lower",11/5/2014,19.8911197645314,0.47877575007222,85,3.6,0.064,1.8,1931,0.268
398,Roos2B,"Roosevelt Lake, lower",SRP,"Roosevelt, hypo, lower",11/5/2014,15.0866698832192,0.47877575007222,14,4.3,0.063,1.5,1898,0.247
399,Can1A,"Canyon Lake, upper",SRP,"Canyon, eppi, upper",2/4/2015,0.997240588065146,1.48191554063252,21,3.206,0.068,2.12102308172177,1698,
400,Can1B,"Canyon Lake, upper",SRP,"Canyon, hypo, upper",2/4/2015,0.997240588065146,1.69196803740956,122,3.053,0.064,2.09629872256797,1703,
401,Can2A,"Canyon Lake, lower",SRP,"Canyon, eppi, lower",2/4/2015,0.997240588065146,1.42798314281139,10,2.952,0.065,2.20189701897019,1707,
402,Can2B,"Canyon Lake, lower",SRP,"Canyon, hypo, lower",2/4/2015,0.997240588065146,1.43366023731888,16,3.076,0.064,2.08062418725618,1712,
403,APA1A,"Apache Lake, upper",SRP,"Apache, eppi, upper",2/4/2015,1.65701636880135,1.1753524372282,21,2.709,0.057,2.10409745293466,1738,
404,APA1B,"Apache Lake, upper",SRP,"Apache, hypo, upper",2/4/2015,,,,,,,,
405,APA2A,"Apache Lake, lower",SRP,"Apache, eppi, lower",2/4/2015,0.997240588065146,1.31444125266165,29,2.859,0.055,1.92374956278419,1749,
406,APA2B,"Apache Lake, lower",SRP,"Apache, hypo, lower",2/4/2015,,,,,,,,
407,Roos1A,"Roosevelt Lake, upper",SRP,"Roosevelt, eppi, upper",2/4/2015,2.36879418151676,1.16399824821323,26,2.883,0.071,2.46271245230662,2010,
408,Roos1B,"Roosevelt Lake, upper",SRP,"Roosevelt, hypo, upper",2/4/2015,,,,,,,,
409,Roos2A,"Roosevelt Lake, lower",SRP,"Roosevelt, eppi, lower",2/4/2015,1.9885293226688,1.20373790976564,24,3.049,0.076,2.49262053132174,1913,
410,Roos2B,"Roosevelt Lake, lower",SRP,"Roosevelt, hypo, lower",2/4/2015,,,,,,,,
423,Can1A,"Canyon Lake, upper",SRP,"Canyon, eppi, upper",5/6/2015,4.54007261995865,1.07623635459861,6,5.4,0.059,1.1,1727,0.221
424,Can1B,"Canyon Lake, upper",SRP,"Canyon, hypo, upper",5/6/2015,1.30091546590769,0.242492213103315,6,7,0.063,0.9,1725,0.372
425,Can2A,"Canyon Lake, lower",SRP,"Canyon, eppi, lower",5/6/2015,3.7908458302784,0.242492213103315,14,6,0.059,1,1700,0.254
426,Can2B,"Canyon Lake, lower",SRP,"Canyon, hypo, lower",5/6/2015,2.14504431561411,0.242492213103315,0,5.5,0.058,1.1,1726,0.337
427,APA1A,"Apache Lake, upper",SRP,"Apache, eppi, upper",5/6/2015,3.57107263863886,0.859087558903697,9,4.5,0.052,1.1,1768,0.214
428,APA1B,"Apache Lake, upper",SRP,"Apache, hypo, upper",5/6/2015,1.20851082851379,1.16202353314475,6,4.7,0.054,1.1,1759,0.234
429,APA2A,"Apache Lake, lower",SRP,"Apache, eppi, lower",5/6/2015,3.39375563174787,0.242492213103315,7,5.3,0.052,1,1769,0.217
430,APA2B,"Apache Lake, lower",SRP,"Apache, hypo, lower",5/6/2015,1.44077113331467,0.242492213103315,2,4.7,0.054,1.1,1763,0.208
431,Roos1A,"Roosevelt Lake, upper",SRP,"Roosevelt, eppi, upper",5/6/2015,1.30591031117223,1.35772553420314,0,7.1,0.069,1,1855,0.217
432,Roos1B,"Roosevelt Lake, upper",SRP,"Roosevelt, hypo, upper",5/6/2015,1.08863454216495,0.242492213103315,0,5.9,0.068,1.2,1884,0.204
433,Roos2A,"Roosevelt Lake, lower",SRP,"Roosevelt, eppi, lower",5/6/2015,1.40081237119839,1.11912994387168,0,5.8,0.068,1.2,1821,0.221
434,Roos2B,"Roosevelt Lake, lower",SRP,"Roosevelt, hypo, lower",5/6/2015,0.626611355195465,0.242492213103315,38,5.1,0.059,1.2,2010,0.357
435,Can1A,"Canyon Lake, upper",SRP,"Canyon, eppi, upper",8/5/2015,5.76048933447789,0.983741456290791,9,3.279,0.061,1.86032326928942,1830,0.2987
436,Can1B,"Canyon Lake, upper",SRP,"Canyon, hypo, upper",8/5/2015,3.28165724838068,-1.19464952826019,10,3.527,0.062,1.75786787638219,1857,0.2784
437,Can2A,"Canyon Lake, lower",SRP,"Canyon, eppi, lower",8/5/2015,6.80560066097118,0.829062806500189,11,3.004,0.059,1.96404793608522,1840,0.2354
438,Can2B,"Canyon Lake, lower",SRP,"Canyon, hypo, lower",8/5/2015,4.60789029244336,0.424320339548114,23,2.97,0.06,2.02020202020202,1838,0.2566
439,APA1A,"Apache Lake, upper",SRP,"Apache, eppi, upper",8/5/2015,10.8975753087681,0.333231801338093,12,4.575,0.062,1.3551912568306,1955,0.2367
440,APA1B,"Apache Lake, upper",SRP,"Apache, hypo, upper",8/5/2015,2.03562657668338,-1.19464952826019,21,3.145,0.063,2.00317965023847,2000,0.2092
441,APA2A,"Apache Lake, lower",SRP,"Apache, eppi, lower",8/5/2015,12.4329959838456,0.287687532233083,29,3.866,0.059,1.52612519399897,1925,0.2165
442,APA2B,"Apache Lake, lower",SRP,"Apache, hypo, lower",8/5/2015,2.2299312932387,-1.19464952826019,8,3.259,0.065,1.99447683338447,1976,0.3749
443,Roos1A,"Roosevelt Lake, upper",SRP,"Roosevelt, eppi, upper",8/5/2015,3.65124962412633,-1.19464952826019,15,3.048,0.071,2.32939632545932,2040,0.2319
444,Roos1B,"Roosevelt Lake, upper",SRP,"Roosevelt, hypo, upper",8/5/2015,3.34697670628651,-1.19464952826019,34,3.463,0.079,2.28125902396766,2050,0.2086
445,Roos2A,"Roosevelt Lake, lower",SRP,"Roosevelt, eppi, lower",8/5/2015,6.96517857712087,-1.19464952826019,2,2.875,0.061,2.12173913043478,2010,0.1663
446,Roos2B,"Roosevelt Lake, lower",SRP,"Roosevelt, hypo, lower",8/5/2015,1.93888763269627,-1.19464952826019,3,2.826,0.068,2.40622788393489,1945,0.1674
447,Can1A,"Canyon Lake, upper",SRP,"Canyon, eppi, upper",11/4/2015,12.5143105058397,3.04639628291014,21,3.177,0.06,1.88857412653447,1932,0.2377
448,Can1B,"Canyon Lake, upper",SRP,"Canyon, hypo, upper",11/4/2015,3.57438787605682,1.90435296341175,17,3.927,0.065,1.65520753756048,1948,0.3345
449,Can2A,"Canyon Lake, lower",SRP,"Canyon, eppi, lower",11/4/2015,3.57438787605682,1.90435296341175,18,3.415,0.056,1.6398243045388,2230,0.2831
450,Can2B,"Canyon Lake, lower",SRP,"Canyon, hypo, lower",11/4/2015,6.80390316629203,2.46681155170457,73,3.371,0.057,1.69089291011569,1935,0.2743
451,APA1A,"Apache Lake, upper",SRP,"Apache, eppi, upper",11/4/2015,24.701896868062,1.85838279033013,16,3.531,0.065,1.84083828943642,2000,0.1789
452,APA1B,"Apache Lake, upper",SRP,"Apache, hypo, upper",11/4/2015,12.3763823450879,1.40769481894166,86,3.253,0.065,1.99815554872425,1999,0.3806
453,APA2A,"Apache Lake, lower",SRP,"Apache, eppi, lower",11/4/2015,22.3425993815176,1.6952337446875,11,4.512,0.059,1.30762411347518,2040,0.1837
454,APA2B,"Apache Lake, lower",SRP,"Apache, hypo, lower",11/4/2015,7.24944742240484,0.927261441441546,23,3.222,0.069,2.1415270018622,1982,0.236
455,Roos1A,"Roosevelt Lake, upper",SRP,"Roosevelt, eppi, upper",11/4/2015,5.3601945889489,1.06246783285809,27,2.973,0.059,1.98452741338715,2060,0.1503
456,Roos1B,"Roosevelt Lake, upper",SRP,"Roosevelt, hypo, upper",11/4/2015,3.98454266987147,1.04534168994533,17,3.949,0.06,1.5193719929096,2090,0.1467
457,Roos2A,"Roosevelt Lake, lower",SRP,"Roosevelt, eppi, lower",11/4/2015,2.20781017808149,1.64295394000644,7,3.012,0.057,1.89243027888446,2050,0.1458
458,Roos2B,"Roosevelt Lake, lower",SRP,"Roosevelt, hypo, lower",11/4/2015,,,,,,,,
790,Can1A,"Canyon Lake, upper",SRP,"Canyon, eppi, upper",2/3/2016,1.52905926555899,-0.698337984669365,4,2.902,0.1,3.44589937973811,1770,0.418
791,Can1B,"Canyon Lake, upper",SRP,"Canyon, hypo, upper",2/3/2016,2.09778424751073,-0.698337984669365,5,3.021,0.099,3.27706057596822,1773,0.4234
792,Can2A,"Canyon Lake, lower",SRP,"Canyon, eppi, lower",2/3/2016,-0.815197367364039,-0.698337984669365,9,2.926,0.096,3.28092959671907,1796,0.3966
793,Can2B,"Canyon Lake, lower",SRP,"Canyon, hypo, lower",2/3/2016,-0.815197367364039,-0.698337984669365,4,2.93,0.094,3.20819112627986,1787,0.3996
794,APA1A,"Apache Lake, upper",SRP,"Apache, eppi, upper",2/3/2016,3.22334449053717,3.20535033954688,0,2.453,0.06,2.44598450876478,2020,0.2909
795,APA1B,"Apache Lake, upper",SRP,"Apache, hypo, upper",2/3/2016,4.11111031602281,1.88164161361571,5,2.72,0.059,2.16911764705882,2010,0.2872
796,APA2A,"Apache Lake, lower",SRP,"Apache, eppi, lower",2/3/2016,1.1347168564705,0.895122155570929,2,2.446,0.058,2.37121831561733,2010,0.3022
797,APA2B,"Apache Lake, lower",SRP,"Apache, hypo, lower",2/3/2016,0.831528974105982,-0.698337984669365,46,2.412,0.059,2.44610281923715,2020,0.3251
798,Roos1A,"Roosevelt Lake, upper",SRP,"Roosevelt, eppi, upper",2/3/2016,2.88250582539536,-0.698337984669365,6,2.496,0.085,3.40544871794872,1879,0.2637
799,Roos1B,"Roosevelt Lake, upper",SRP,"Roosevelt, hypo, upper",2/3/2016,1.87584279113932,-0.698337984669365,0,2.517,0.081,3.2181168057211,1884,0.326
800,Roos2A,"Roosevelt Lake, lower",SRP,"Roosevelt, eppi, lower",2/3/2016,2.87457934481066,-0.698337984669365,0,2.359,0.071,3.00974989402289,1914,0.2798
801,Roos2B,"Roosevelt Lake, lower",SRP,"Roosevelt, hypo, lower",2/3/2016,2.60904224522344,-0.698337984669365,0,2.479,0.074,2.98507462686567,1940,0.3257
802,Can1A,"Canyon Lake, upper",SRP,"Canyon, eppi, upper",5/4/2016,1.75692546439054,-0.608853061335581,22,,,,1830,
803,Can1B,"Canyon Lake, upper",SRP,"Canyon, hypo, upper",5/4/2016,,,,,,,,
804,Can2A,"Canyon Lake, lower",SRP,"Canyon, eppi, lower",5/4/2016,,,,,,,,
805,Can2B,"Canyon Lake, lower",SRP,"Canyon, hypo, lower",5/4/2016,,,,,,,,
806,APA1A,"Apache Lake, upper",SRP,"Apache, eppi, upper",5/4/2016,2.17470936574221,0.974751698172892,12,5.08609375408507,0.061,1.19934871336191,1991,
807,APA1B,"Apache Lake, upper",SRP,"Apache, hypo, upper",5/4/2016,2.17028981382086E-02,-0.297389162528164,16,3.32552485032288,0.061,1.83429692290759,1919,
808,APA2A,"Apache Lake, lower",SRP,"Apache, eppi, lower",5/4/2016,1.59147501066376,0.641181781123847,6,3.09676069962613,0.059,1.90521663514791,1992,
809,APA2B,"Apache Lake, lower",SRP,"Apache, hypo, lower",5/4/2016,1.20222199344695,0.54241957027319,6,4.27352349081022,0.06,1.40399368645157,1989,
810,Roos1A,"Roosevelt Lake, upper",SRP,"Roosevelt, eppi, upper",5/4/2016,2.77916266982548,9.39813446994551,11,2.71871160030328,0.068,2.50118475208678,1627,
811,Roos1B,"Roosevelt Lake, upper",SRP,"Roosevelt, hypo, upper",5/4/2016,2.17028981382086E-02,-1.10068447216424,13,4.18410938848074,0.067,1.60129656706532,1644,
812,Roos2A,"Roosevelt Lake, lower",SRP,"Roosevelt, eppi, lower",5/4/2016,1.49785356674384,0.891496694148452,8,2.87348688854611,0.068,2.36646285984642,1736,
813,Roos2B,"Roosevelt Lake, lower",SRP,"Roosevelt, hypo, lower",5/4/2016,2.17028981382086E-02,-0.506901424967475,7,4.33783889774896,0.066,1.52149495533938,1860,
814,Can1A,"Canyon Lake, upper",SRP,"Canyon, eppi, upper",8/3/2016,2.83780949621181,1.80414740420709,23,,,,2060,
815,Can1B,"Canyon Lake, upper",SRP,"Canyon, hypo, upper",8/3/2016,1.96176526226149,1.22487664705982,12,,,,1916,
816,Can2A,"Canyon Lake, lower",SRP,"Canyon, eppi, lower",8/3/2016,2.28019864821196,1.92817519004768,14,,,,1916,
817,Can2B,"Canyon Lake, lower",SRP,"Canyon, hypo, lower",8/3/2016,2.12857861987942,1.54399404030048,13,,,,1913,
818,APA1A,"Apache Lake, upper",SRP,"Apache, eppi, upper",8/3/2016,14.1571530783481,1.94332284585936,21,,,,1947,
819,APA1B,"Apache Lake, upper",SRP,"Apache, hypo, upper",8/3/2016,4.5878617447237,0.129873957478701,55,,,,1933,
820,APA2A,"Apache Lake, lower",SRP,"Apache, eppi, lower",8/3/2016,6.63676834660181,0.129873957478701,12,,,,1939,
821,APA2B,"Apache Lake, lower",SRP,"Apache, hypo, lower",8/3/2016,1.8920639062615,0.129873957478701,10,,,,1926,
822,Roos1A,"Roosevelt Lake, upper",SRP,"Roosevelt, eppi, upper",8/3/2016,11.786210548524,1.2841456627525,25,,,,2010,
823,Roos1B,"Roosevelt Lake, upper",SRP,"Roosevelt, hypo, upper",8/3/2016,9.90912953660542,0.129873957478701,27,,,,2030,
824,Roos2A,"Roosevelt Lake, lower",SRP,"Roosevelt, eppi, lower",8/3/2016,18.6396551143199,1.11975801545395,10,,,,1818,
825,Roos2B,"Roosevelt Lake, lower",SRP,"Roosevelt, hypo, lower",8/3/2016,2.4506145478254,0.129873957478701,11,,,,1843,
826,Can1A,"Canyon Lake, upper",SRP,"Canyon, eppi, upper",11/9/2016,4.13796374445129,2.06922581393345,0,,0.062,,1904,
827,Can1B,"Canyon Lake, upper",SRP,"Canyon, hypo, upper",11/9/2016,4.5200488465948,1.50383426104714,2,,0.063,,1907,
828,Can2A,"Canyon Lake, lower",SRP,"Canyon, eppi, lower",11/9/2016,4.46850800515672,1.59996994432209,0,,0.061,,1888,
829,Can2B,"Canyon Lake, lower",SRP,"Canyon, hypo, lower",11/9/2016,4.27681509646429,1.41799357700102,0,,0.066,,1888,
830,APA1A,"Apache Lake, upper",SRP,"Apache, eppi, upper",11/9/2016,21.8282600895879,-0.133707925813304,0,,0.058,,1889,
831,APA1B,"Apache Lake, upper",SRP,"Apache, hypo, upper",11/9/2016,14.1120108044485,-0.133707925813304,0,,0.058,,1893,
832,APA2A,"Apache Lake, lower",SRP,"Apache, eppi, lower",11/9/2016,28.0176322707998,-0.133707925813304,0,,0.06,,1912,
833,APA2B,"Apache Lake, lower",SRP,"Apache, hypo, lower",11/9/2016,27.0854259162723,-0.133707925813304,0,,0.059,,1895,
834,Roos1A,"Roosevelt Lake, upper",SRP,"Roosevelt, eppi, upper",11/9/2016,5.67175089809843,-0.133707925813304,0,,0.073,,2060,
835,Roos1B,"Roosevelt Lake, upper",SRP,"Roosevelt, hypo, upper",11/9/2016,5.75442761062608,-0.133707925813304,0,,0.081,,2060,
836,Roos2A,"Roosevelt Lake, lower",SRP,"Roosevelt, eppi, lower",11/9/2016,9.77258087523185,-0.133707925813304,0,,0.068,,1949,
837,Roos2B,"Roosevelt Lake, lower",SRP,"Roosevelt, hypo, lower",11/9/2016,9.75802912346937,-0.133707925813304,0,,0.068,,1946,
838,Can1A,"Canyon Lake, upper",SRP,"Canyon, eppi, upper",2/8/2017,0,0,100,,0.098,,1674,
839,Can1B,"Canyon Lake, upper",SRP,"Canyon, hypo, upper",2/8/2017,0,0,76,,0.099,,1769,
840,Can2A,"Canyon Lake, lower",SRP,"Canyon, eppi, lower",2/8/2017,0,0,76,,0.097,,1662,
841,Can2B,"Canyon Lake, lower",SRP,"Canyon, hypo, lower",2/8/2017,0,0,106,,0.098,,1689,
842,APA1A,"Apache Lake, upper",SRP,"Apache, eppi, upper",2/8/2017,0,0,77,,0.061,,1893,
843,APA1B,"Apache Lake, upper",SRP,"Apache, hypo, upper",2/8/2017,0,0,50,,0.065,,1897,
844,APA2A,"Apache Lake, lower",SRP,"Apache, eppi, lower",2/8/2017,0,0,76,,0.074,,1813,
845,APA2B,"Apache Lake, lower",SRP,"Apache, hypo, lower",2/8/2017,0,0,34,,0.063,,1876,
846,Roos1A,"Roosevelt Lake, upper",SRP,"Roosevelt, eppi, upper",2/8/2017,0,0,104,,0.211,,930,
847,Roos1B,"Roosevelt Lake, upper",SRP,"Roosevelt, hypo, upper",2/8/2017,0,0,59,,0.139,,1508,
848,Roos2A,"Roosevelt Lake, lower",SRP,"Roosevelt, eppi, lower",2/8/2017,0,0,53,,0.115,,1657,
849,Roos2B,"Roosevelt Lake, lower",SRP,"Roosevelt, hypo, lower",2/8/2017,0,0,72,,0.11,,1728,
851,Can1A,"Canyon Lake, upper",SRP,"Canyon, eppi, upper",5/3/2017,0,0,0,5.2,.100,1.9,1670,.629
852,Can1B,"Canyon Lake, upper",SRP,"Canyon, hypo, upper",5/3/2017,0,0,0,4.6,.090,,1724,.541
853,Can2A,"Canyon Lake, lower",SRP,"Canyon, eppi, lower",5/3/2017,0,0,0,4.8,.095,,1691,.437
854,Can2B,"Canyon Lake, lower",SRP,"Canyon, hypo, lower",5/3/2017,0,0,0,4.6,.090,,1713,.445
855,APA1A,"Apache Lake, upper",SRP,"Apache, eppi, upper",5/3/2017,0,0,0,4.1,.067,,1856,.351
856,APA1B,"Apache Lake, upper",SRP,"Apache, hypo, upper",5/3/2017,0,0,0,,,,,
857,APA2A,"Apache Lake, lower",SRP,"Apache, eppi, lower",5/3/2017,0,0,0,,,,,
858,APA2B,"Apache Lake, lower",SRP,"Apache, hypo, lower",5/3/2017,0,0,0,,,,,
859,Roos1A,"Roosevelt Lake, upper",SRP,"Roosevelt, eppi, upper",5/3/2017,0,0,0,4.4,.116,,954,.506
860,Roos1B,"Roosevelt Lake, upper",SRP,"Roosevelt, hypo, upper",5/3/2017,0,0,13,4.6,.114,,1524,.673
861,Roos2A,"Roosevelt Lake, lower",SRP,"Roosevelt, eppi, lower",5/3/2017,0,0,0,4.6,.125,,1075,.437
862,Roos2B,"Roosevelt Lake, lower",SRP,"Roosevelt, hypo, lower",5/3/2017,0,0,3,4.3,.107,,1617,.646
875,Can1A,"Canyon Lake, upper",SRP,"Canyon, eppi, upper",8/9/2017,,,49,5.3,0.101,1.90566037735849,1732,0.5035
876,Can1B,"Canyon Lake, upper",SRP,"Canyon, hypo, upper",8/9/2017,,,49,6.707,0.11,1.64007753093783,1755,1.169
877,Can2A,"Canyon Lake, lower",SRP,"Canyon, eppi, lower",8/9/2017,,,41,4.547,0.096,2.11128216406422,1745,0.5521
878,Can2B,"Canyon Lake, lower",SRP,"Canyon, hypo, lower",8/9/2017,,,38,4.735,0.097,2.04857444561774,1750,0.6636
879,APA1A,"Apache Lake, upper",SRP,"Apache, eppi, upper",8/9/2017,,,25,4.712,0.087,1.84634974533107,1780,0.4977
880,APA1B,"Apache Lake, upper",SRP,"Apache, hypo, upper",8/9/2017,,,23,4.921,0.097,1.97114407640723,1798,0.9046
881,APA2A,"Apache Lake, lower",SRP,"Apache, eppi, lower",8/9/2017,,,28,4.867,0.086,1.76700226011917,1783,0.5723
882,APA2B,"Apache Lake, lower",SRP,"Apache, hypo, lower",8/9/2017,,,27,5.434,0.088,1.61943319838057,1797,0.9873
883,Roos1A,"Roosevelt Lake, upper",SRP,"Roosevelt, eppi, upper",8/9/2017,,,28,6.065,0.135,2.22588623248145,,0.518
884,Roos1B,"Roosevelt Lake, upper",SRP,"Roosevelt, hypo, upper",8/9/2017,,,38,4.954,0.122,2.46265643924102,1325,0.618
885,Roos2A,"Roosevelt Lake, lower",SRP,"Roosevelt, eppi, lower",8/9/2017,,,17,5.545,0.099,1.78539224526601,1157,0.5237
886,Roos2B,"Roosevelt Lake, lower",SRP,"Roosevelt, hypo, lower",8/9/2017,,,82,5.055,0.113,2.23541048466865,1425,0.7356
911,Can1A,"Canyon Lake, upper",SRP,"Canyon, eppi, upper",11/6/2017,3.82726849144982,0.576314062211777,,,,,1724,
912,Can1B,"Canyon Lake, upper",SRP,"Canyon, hypo, upper",11/6/2017,4.1338702874507,0.522342857209442,,,,,1719,
913,Can2A,"Canyon Lake, lower",SRP,"Canyon, eppi, lower",11/6/2017,3.99562841675875,0.919750207538054,,,,,1707,
914,Can2B,"Canyon Lake, lower",SRP,"Canyon, hypo, lower",11/6/2017,-0.551294288767001,0.677346663963553,,,,,1718,
915,APA1A,"Apache Lake, upper",SRP,"Apache, eppi, upper",11/6/2017,6.15690001607337,9.68923063833269,,4.045,0.091,,1742,0.5189
916,APA1B,"Apache Lake, upper",SRP,"Apache, hypo, upper",11/6/2017,7.47697434993568,2.00907214102809,,4.364,0.099,,1718,0.7649
917,APA2A,"Apache Lake, lower",SRP,"Apache, eppi, lower",11/6/2017,7.7652041326202,8.2585268268348,,4.59,0.091,,1737,0.5831
918,APA2B,"Apache Lake, lower",SRP,"Apache, hypo, lower",11/6/2017,5.59007822818177,2.89464810684495,,3.815,0.09,,1721,0.5105
919,Roos1A,"Roosevelt Lake, upper",SRP,"Roosevelt, eppi, upper",11/6/2017,4.9241680406003,0.280312816783746,,4.803,0.112,,1455,0.6157
920,Roos1B,"Roosevelt Lake, upper",SRP,"Roosevelt, hypo, upper",11/6/2017,4.28626764381263,0.366405292583318,,4.675,0.113,,1456,0.5591
921,Roos2A,"Roosevelt Lake, lower",SRP,"Roosevelt, eppi, lower",11/6/2017,5.37864948477056,0.382279176407534,,4.556,0.104,,1295,0.5071
922,Roos2B,"Roosevelt Lake, lower",SRP,"Roosevelt, hypo, lower",11/6/2017,0.840461015083731,0.840194036842571,,4.154,0.122,,1362,0.5226
935,Can1A,"Canyon Lake, upper",SRP,"Canyon, eppi, upper",2/5/2018,,,49,4.042,0.087,,1740,
936,Can1B,"Canyon Lake, upper",SRP,"Canyon, hypo, upper",2/5/2018,,,45,3.773,0.085,,1741,
937,Can2A,"Canyon Lake, lower",SRP,"Canyon, eppi, lower",2/5/2018,,,38,3.893,0.087,,1740,
938,Can2B,"Canyon Lake, lower",SRP,"Canyon, hypo, lower",2/5/2018,,,41,3.636,0.088,,1733,
939,APA1A,"Apache Lake, upper",SRP,"Apache, eppi, upper",2/5/2018,,,44,3.529,0.085,,1732,
940,APA1B,"Apache Lake, upper",SRP,"Apache, hypo, upper",2/5/2018,,,,,,,,
941,APA2A,"Apache Lake, lower",SRP,"Apache, eppi, lower",2/5/2018,,,,,,,,
942,APA2B,"Apache Lake, lower",SRP,"Apache, hypo, lower",2/5/2018,,,,,,,,
943,Roos1A,"Roosevelt Lake, upper",SRP,"Roosevelt, eppi, upper",2/5/2018,,,66,3.902,0.104,,1508,
944,Roos1B,"Roosevelt Lake, upper",SRP,"Roosevelt, hypo, upper",2/5/2018,,,31,3.745,0.103,,1540,
945,Roos2A,"Roosevelt Lake, lower",SRP,"Roosevelt, eppi, lower",2/5/2018,,,31,4.237,0.104,,1473,
946,Roos2B,"Roosevelt Lake, lower",SRP,"Roosevelt, hypo, lower",2/5/2018,,,31,4.184,0.104,,1497,
947,Can1A,"Canyon Lake, upper",SRP,"Canyon, eppi, upper",5/8/2018,1.00336800467381,1.46609824830883,33,4.611,0.083,1.80004337453915,1745,0.5189
948,Can1B,"Canyon Lake, upper",SRP,"Canyon, hypo, upper",5/8/2018,1.5485076978389,73.7930615845739,27,5.915,0.099,1.67371090448014,1764,1.381
949,Can2A,"Canyon Lake, lower",SRP,"Canyon, eppi, lower",5/8/2018,1.42124876016243,13.21204767183,28,4.76,0.084,1.76470588235294,1747,0.5851
950,Can2B,"Canyon Lake, lower",SRP,"Canyon, hypo, lower",5/8/2018,1.32158994378742,34.2418108850601,25,4.702,0.084,1.78647384091876,1750,0.6156
951,APA1A,"Apache Lake, upper",SRP,"Apache, eppi, upper",5/8/2018,1.86643125726277,27.7009652879767,33,5.279,0.082,1.55332449327524,1682,0.4398
952,APA1B,"Apache Lake, upper",SRP,"Apache, hypo, upper",5/8/2018,1.00336800467381,9.29069677870384,24,6.28,0.096,1.52866242038217,1646,1.287
953,APA2A,"Apache Lake, lower",SRP,"Apache, eppi, lower",5/8/2018,1.88791459492445,40.5848203886457,27,4.762,0.082,1.72196556068879,1718,0.3361
954,APA2B,"Apache Lake, lower",SRP,"Apache, hypo, lower",5/8/2018,1.00336800467381,4.42027109260364,31,4.596,0.083,1.8059181897302,1739,0.7047
955,Roos1A,"Roosevelt Lake, upper",SRP,"Roosevelt, eppi, upper",5/8/2018,2.20285435745087,17.7218007989256,20,5.016,0.091,1.81419457735247,1763,0.4027
956,Roos1B,"Roosevelt Lake, upper",SRP,"Roosevelt, hypo, upper",5/8/2018,1.00336800467381,2.75291480953476,31,4.89,0.097,1.98364008179959,1691,0.5397
957,Roos2A,"Roosevelt Lake, lower",SRP,"Roosevelt, eppi, lower",5/8/2018,2.09484090976298,3.5810227184977,15,5.526,0.091,1.64676076728194,1606,0.6028
958,Roos2B,"Roosevelt Lake, lower",SRP,"Roosevelt, hypo, lower",5/8/2018,1.00336800467381,1.12055815445681,21,4.848,0.093,1.91831683168317,1558,0.8126
959,Can1A,"Canyon Lake, upper",SRP,"Canyon, eppi, upper",8/6/2018,,,,,,,,
960,Can1B,"Canyon Lake, upper",SRP,"Canyon, hypo, upper",8/6/2018,,,,,,,,
961,Can2A,"Canyon Lake, lower",SRP,"Canyon, eppi, lower",8/6/2018,,,,,,,,
962,Can2B,"Canyon Lake, lower",SRP,"Canyon, hypo, lower",8/6/2018,,,,,,,,
963,APA1A,"Apache Lake, upper",SRP,"Apache, eppi, upper",8/6/2018,1.7655299420449,20.1668006492281,34,5.014,0.092,1.8348623853211,1679,0.3549
964,APA1B,"Apache Lake, upper",SRP,"Apache, hypo, upper",8/6/2018,0.952235041481054,4.11375843196728,25,4.746,0.086,1.81205225453013,1682,0.4779
965,APA2A,"Apache Lake, lower",SRP,"Apache, eppi, lower",8/6/2018,1.56054311624176,15.6891088250569,23,4.739,0.084,1.7725258493353,1685,0.3067
966,APA2B,"Apache Lake, lower",SRP,"Apache, hypo, lower",8/6/2018,1.06238645278055,4.10178866099601,27,4.597,0.087,1.89253861213835,1676,0.4957
967,Roos1A,"Roosevelt Lake, upper",SRP,"Roosevelt, eppi, upper",8/6/2018,4.11661280372814,0.855237655266218,28,5.367,0.096,1.78870877585243,2100,0.4308
968,Roos1B,"Roosevelt Lake, upper",SRP,"Roosevelt, hypo, upper",8/6/2018,4.05055289835611,0.96861798585524,45,6.037,0.099,1.63988736127216,2100,0.6396
969,Roos2A,"Roosevelt Lake, lower",SRP,"Roosevelt, eppi, lower",8/6/2018,6.5359214693202,0.929633106789073,10,5.398,0.083,1.53760652093368,1903,0.4575
970,Roos2B,"Roosevelt Lake, lower",SRP,"Roosevelt, hypo, lower",8/6/2018,2.18571425818175,1.84573620313923,10,5.515,0.099,1.79510426110607,1695,0.5897
971,Can1A,"Canyon Lake, upper",SRP,"Canyon, eppi, upper",2/25/2019,0,0,0.06,5.025,0.171,3.98,1748,0
972,Can1B,"Canyon Lake, upper",SRP,"Canyon, hypo, upper",2/25/2019,,,,,,,,
973,Can2A,"Canyon Lake, lower",SRP,"Canyon, eppi, lower",2/25/2019,,,,,,,,
974,Can2B,"Canyon Lake, lower",SRP,"Canyon, hypo, lower",2/25/2019,,,,,,,,
975,APA1A,"Apache Lake, upper",SRP,"Apache, eppi, upper",2/25/2019,,,,,,,,
976,APA1B,"Apache Lake, upper",SRP,"Apache, hypo, upper",2/25/2019,0,0,0.032,3.66,0.087,2.351,1688,0.305
977,APA2A,"Apache Lake, lower",SRP,"Apache, eppi, lower",2/25/2019,,,,,,,,
978,APA2B,"Apache Lake, lower",SRP,"Apache, hypo, lower",2/25/2019,,,,,,,,
979,Roos1A,"Roosevelt Lake, upper",SRP,"Roosevelt, eppi, upper",2/25/2019,0,0,0.031,3.622,0.124,3.44,1197,0.4712
980,Roos1B,"Roosevelt Lake, upper",SRP,"Roosevelt, hypo, upper",2/25/2019,,,,,,,,
981,Roos2A,"Roosevelt Lake, lower",SRP,"Roosevelt, eppi, lower",2/25/2019,,,,,,,,
982,Roos2B,"Roosevelt Lake, lower",SRP,"Roosevelt, hypo, lower",2/25/2019,,,,,,,,
983,Can1A,"Canyon Lake, upper",SRP,"Canyon, eppi, upper",5/7/2019,31.9058894736066,35.5679102214225,,5.75,0.114,1.98,,0.9117
984,Can1B,"Canyon Lake, upper",SRP,"Canyon, hypo, upper",5/7/2019,1.54617211796878,2.79568464282324,,5.468,0.109,1.645,,1.098
985,Can2A,"Canyon Lake, lower",SRP,"Canyon, eppi, lower",5/7/2019,17.3752599817183,11.518331959951,,5.593,0.119,2.127,,0.7634
986,Can2B,"Canyon Lake, lower",SRP,"Canyon, hypo, lower",5/7/2019,-0.852674704622395,1.12895409442894,,4.965,0.1,2.014,,0.7036
987,APA1A,"Apache Lake, upper",SRP,"Apache, eppi, upper",5/7/2019,54.8667171519201,19.0703643303716,,4.707,0.072,1.529,1640,0.6329
988,APA1B,"Apache Lake, upper",SRP,"Apache, hypo, upper",5/7/2019,2.4197582824649,0.34279469633011,,4.233,0.076,1.795,1664,0.6762
989,APA2A,"Apache Lake, lower",SRP,"Apache, eppi, lower",5/7/2019,34.0192466259251,20.5110513566797,,4.536,0.074,1.631,,0.5448
990,APA2B,"Apache Lake, lower",SRP,"Apache, hypo, lower",5/7/2019,1.71673232783191,2.92323128881965,,4.346,0.08,1.84,,0.5427
991,Roos1A,"Roosevelt Lake, upper",SRP,"Roosevelt, eppi, upper",5/7/2019,-0.852674704622395,13.7737742516099,,4.47,0.111,2.48322147651007,,0.5106
992,Roos1B,"Roosevelt Lake, upper",SRP,"Roosevelt, hypo, upper",5/7/2019,-0.852674704622395,-2.38016732976395,,4.965,0.136,2.73917421953676,,0.8061
993,Roos2A,"Roosevelt Lake, lower",SRP,"Roosevelt, eppi, lower",5/7/2019,-0.852674704622395,-0.920416391954566,,4.87,0.119,2.4435318275154,,0.5196
994,Roos2B,"Roosevelt Lake, lower",SRP,"Roosevelt, hypo, lower",5/7/2019,-0.852674704622395,-2.38016732976395,,4.421,0.099,2.25,1666,0.7635
