ID,Site Number,Site Location,Cluster Name,Site Acronym,Date,E coli(colonies per 100mL),Coliform(colonies per 100mL),Mycobacterium(colonies per 100mL),Comments,F11,F12,F13,F14,F15,F16
895,"R13","AZ Canal below CAP Cross-connect","srp","az canal blw cap","9/4/2017","20","2416","CONT",,,,,,,
896,"HOC","Head of the Consolidated Canal","srp","Head of the Consolidated Canal","9/4/2017","22","1456","6",,,,,,,
897,"MOC","Middle of the Consolidated Canal","srp","Middle of the Consolidated Canal","9/4/2017","12","1056","5",,,,,,,
898,"HTC","Head of the Tempe Canal","tempe","head of tempe canal","9/4/2017","32","1368","5",,,,,,,
899,"Hwy 87","AZ Canal at Highway 87","srp","az canal @ hwy 87","10/2/2017","25","1384","0","Counted Mycobacterium samples after 2 week incubation ",,,,,,
900,"SOCA","South Canal below CAP Cross-conect","srp","South canal below CAP","10/2/2017","30","1016","17",,,,,,,
901,"R11","CAP Canal at Cross-connect","cap","cap @ x con","10/2/2017","13","912","0",,,,,,,
902,"R22","AZ Canal - 56th St. (Alma School Road)","srp","az canal @ 56th st.","10/2/2017","27","1168","6",,,,,,,
903,"R21","AZ Canal at Central Av.","srp","az canal @ central ave.","10/2/2017","21","2536","3",,,,,,,
904,"Pima","AZ Canal at Pima Rd.","srp","az canal @ pima","10/2/2017","14","1552","0",,,,,,,
905,"R12","AZ Canal above CAP Cross-connect","srp","az canal inflow","10/2/2017","4","912","0",,,,,,,
906,"R3","Waddell Canal","cap","waddell canal","10/2/2017","7","1528","0",,,,,,,
907,"R25","verde river at beeline highway","verde","verde @ beeline","10/2/2017","30","1088","18",,,,,,,
908,"R13","AZ Canal below CAP Cross-connect","srp","az canal blw cap","10/2/2017","33","888","2",,,,,,,
909,"HOC","Head of the Consolidated Canal","srp","Head of the Consolidated Canal","10/2/2017","36","1224","1",,,,,,,
910,"MOC","Middle of the Consolidated Canal","srp","Middle of the Consolidated Canal","10/2/2017","49","1656","1",,,,,,,
911,"HTC","Head of the Tempe Canal","tempe","head of tempe canal","10/2/2017","27","1432","1",,,,,,,
912,"Hwy 87","AZ Canal at Highway 87","srp","az canal @ hwy 87","11/6/2017","142","1272","136","Counted Mycobacterium samples after 2 week incubation ",,,,,,
913,"SOCA","South Canal below CAP Cross-conect","srp","South canal below CAP","11/6/2017","195","896","41",,,,,,,
914,"R11","CAP Canal at Cross-connect","cap","cap @ x con","11/6/2017","5","1120","46",,,,,,,
915,"R22","AZ Canal - 56th St. (Alma School Road)","srp","az canal @ 56th st.","11/6/2017","34","1104","0",,,,,,,
916,"R21","AZ Canal at Central Av.","srp","az canal @ central ave.","11/6/2017","43","1200","107",,,,,,,
917,"Pima","AZ Canal at Pima Rd.","srp","az canal @ pima","11/6/2017","95","976","130",,,,,,,
918,"R12","AZ Canal above CAP Cross-connect","srp","az canal inflow","11/6/2017","20","1736","2",,,,,,,
919,"R3","Waddell Canal","cap","waddell canal","11/6/2017","5","1480","87",,,,,,,
920,"R25","verde river at beeline highway","verde","verde @ beeline","11/6/2017","88","1088","0",,,,,,,
921,"R13","AZ Canal below CAP Cross-connect","srp","az canal blw cap","11/6/2017","108","904","CONT",,,,,,,
922,"HOC","Head of the Consolidated Canal","srp","Head of the Consolidated Canal","11/6/2017","129","1184","71",,,,,,,
923,"MOC","Middle of the Consolidated Canal","srp","Middle of the Consolidated Canal","11/6/2017","40","1072","97",,,,,,,
924,"HTC","Head of the Tempe Canal","tempe","head of tempe canal","11/6/2017","158","1040","0",,,,,,,
925,"Hwy 87","AZ Canal at Highway 87","srp","az canal @ hwy 87","12/4/2017","56","1400","61","Counted Mycobacterium samples after 2 week incubation ",,,,,,
926,"SOCA","South Canal below CAP Cross-conect","srp","South canal below CAP","12/4/2017",,,,,,,,,,
927,"R11","CAP Canal at Cross-connect","cap","cap @ x con","12/4/2017","105","824","0",,,,,,,
928,"R22","AZ Canal - 56th St. (Alma School Road)","srp","az canal @ 56th st.","12/4/2017","28","496","33",,,,,,,
929,"R21","AZ Canal at Central Av.","srp","az canal @ central ave.","12/4/2017","39","568","9",,,,,,,
930,"Pima","AZ Canal at Pima Rd.","srp","az canal @ pima","12/4/2017","13","824","21",,,,,,,
931,"R12","AZ Canal above CAP Cross-connect","srp","az canal inflow","12/4/2017","73","760","23",,,,,,,
932,"R3","Waddell Canal","cap","waddell canal","12/4/2017","6","1200","13",,,,,,,
933,"R25","verde river at beeline highway","verde","verde @ beeline","12/4/2017","57","824","259",,,,,,,
934,"R13","AZ Canal below CAP Cross-connect","srp","az canal blw cap","12/4/2017","90","480","14",,,,,,,
935,"HOC","Head of the Consolidated Canal","srp","Head of the Consolidated Canal","12/4/2017","36","160","50",,,,,,,
936,"MOC","Middle of the Consolidated Canal","srp","Middle of the Consolidated Canal","12/4/2017","9","608","8",,,,,,,
937,"HTC","Head of the Tempe Canal","tempe","head of tempe canal","12/4/2017","38","240","9",,,,,,,
938,"Hwy 87","AZ Canal at Highway 87","srp","az canal @ hwy 87","1/8/2018",,,"N/A","Counted Mycobacterium samples after 2 week incubation ",,,,,,
939,"SOCA","South Canal below CAP Cross-conect","srp","South canal below CAP","1/8/2018","30","488","92",,,,,,,
940,"R11","CAP Canal at Cross-connect","cap","cap @ x con","1/8/2018",,,"N/A",,,,,,,
941,"R22","AZ Canal - 56th St. (Alma School Road)","srp","az canal @ 56th st.","1/8/2018",,,"N/A",,,,,,,
942,"R21","AZ Canal at Central Av.","srp","az canal @ central ave.","1/8/2018",,,"N/A",,,,,,,
943,"Pima","AZ Canal at Pima Rd.","srp","az canal @ pima","1/8/2018",,,"N/A",,,,,,,
944,"R12","AZ Canal above CAP Cross-connect","srp","az canal inflow","1/8/2018",,,"N/A",,,,,,,
945,"R3","Waddell Canal","cap","waddell canal","1/8/2018","1","272","1",,,,,,,
946,"R25","verde river at beeline highway","verde","verde @ beeline","1/8/2018","13","456","82",,,,,,,
947,"R13","AZ Canal below CAP Cross-connect","srp","az canal blw cap","1/8/2018",,,"N/A",,,,,,,
948,"HOC","Head of the Consolidated Canal","srp","Head of the Consolidated Canal","1/8/2018","29","568","89",,,,,,,
949,"MOC","Middle of the Consolidated Canal","srp","Middle of the Consolidated Canal","1/8/2018","31","456","36",,,,,,,
950,"HTC","Head of the Tempe Canal","tempe","head of tempe canal","1/8/2018","34","464","71",,,,,,,
951,"Hwy 87","AZ Canal at Highway 87","srp","az canal @ hwy 87","2/5/2018",,,"N/A","Counted Mycobacterium samples after 2 week incubation ",,,,,,
952,"SOCA","South Canal below CAP Cross-conect","srp","South canal below CAP","2/5/2018","59","456","14",,,,,,,
953,"R11","CAP Canal at Cross-connect","cap","cap @ x con","2/5/2018",,,"N/A",,,,,,,
954,"R22","AZ Canal - 56th St. (Alma School Road)","srp","az canal @ 56th st.","2/5/2018","509","296","N/A",,,,,,,
955,"R21","AZ Canal at Central Av.","srp","az canal @ central ave.","2/5/2018","103","464","0",,,,,,,
956,"Pima","AZ Canal at Pima Rd.","srp","az canal @ pima","2/5/2018",,,"13",,,,,,,
957,"R12","AZ Canal above CAP Cross-connect","srp","az canal inflow","2/5/2018","140","488","N/A",,,,,,,
958,"R3","Waddell Canal","cap","waddell canal","2/5/2018","0","640","1",,,,,,,
959,"R25","verde river at beeline highway","verde","verde @ beeline","2/5/2018","46","41","5",,,,,,,
960,"R13","AZ Canal below CAP Cross-connect","srp","az canal blw cap","2/5/2018","95","408","6",,,,,,,
961,"HOC","Head of the Consolidated Canal","srp","Head of the Consolidated Canal","2/5/2018","45","384","7",,,,,,,
962,"MOC","Middle of the Consolidated Canal","srp","Middle of the Consolidated Canal","2/5/2018","43","920","2",,,,,,,
963,"HTC","Head of the Tempe Canal","tempe","head of tempe canal","2/5/2018","41","416","N/A",,,,,,,
382,"R22","AZ Canal - 56th St. (Alma School Road)","srp","az canal @ 56th st.","6/2/2014","16","534",,"CONT= Not Countable Due to Contamination",,,,,,
988,"Hwy 87","AZ Canal at Highway 87","srp","az canal @ hwy 87","3/5/2018","20","576","18","Counted Mycobacterium samples after 2 week incubation ",,,,,,
989,"SOCA","South Canal below CAP Cross-conect","srp","South canal below CAP","3/5/2018","20","624","45",,,,,,,
990,"R11","CAP Canal at Cross-connect","cap","cap @ x con","3/5/2018","1","944",,,,,,,,
991,"R22","AZ Canal - 56th St. (Alma School Road)","srp","az canal @ 56th st.","3/5/2018","3","560","19",,,,,,,
992,"R21","AZ Canal at Central Av.","srp","az canal @ central ave.","3/5/2018","6","728","21",,,,,,,
993,"Pima","AZ Canal at Pima Rd.","srp","az canal @ pima","3/5/2018","4","520","2",,,,,,,
994,"R12","AZ Canal above CAP Cross-connect","srp","az canal inflow","3/5/2018","4","840","1",,,,,,,
995,"R3","Waddell Canal","cap","waddell canal","3/5/2018","0","664","0",,,,,,,
996,"R25","verde river at beeline highway","verde","verde @ beeline","3/5/2018","35","696","23",,,,,,,
997,"R13","AZ Canal below CAP Cross-connect","srp","az canal blw cap","3/5/2018","14","840",,,,,,,,
998,"HOC","Head of the Consolidated Canal","srp","Head of the Consolidated Canal","3/5/2018","23","728","17",,,,,,,
999,"MOC","Middle of the Consolidated Canal","srp","Middle of the Consolidated Canal","3/5/2018","11","808","31",,,,,,,
1000,"HTC","Head of the Tempe Canal","tempe","head of tempe canal","3/5/2018","15","584","0",,,,,,,
1001,"Hwy 87","AZ Canal at Highway 87","srp","az canal @ hwy 87","4/2/2018","31","1032","3","Counted Mycobacterium samples after 2 week incubation ",,,,,,
1002,"SOCA","South Canal below CAP Cross-conect","srp","South canal below CAP","4/2/2018","16","976","4",,,,,,,
1004,"R22","AZ Canal - 56th St. (Alma School Road)","srp","az canal @ 56th st.","4/2/2018","10","744","2",,,,,,,
1005,"R21","AZ Canal at Central Av.","srp","az canal @ central ave.","4/2/2018","14","552","5",,,,,,,
1006,"Pima","AZ Canal at Pima Rd.","srp","az canal @ pima","4/2/2018","2","760","3",,,,,,,
1007,"R12","AZ Canal above CAP Cross-connect","srp","az canal inflow","4/2/2018","26","600","6",,,,,,,
1008,"R3","Waddell Canal","cap","waddell canal","4/2/2018","5","464","3",,,,,,,
1009,"R25","verde river at beeline highway","verde","verde @ beeline","4/2/2018","12","352","8",,,,,,,
1010,"R13","AZ Canal below CAP Cross-connect","srp","az canal blw cap","4/2/2018","24","984","2",,,,,,,
1011,"HOC","Head of the Consolidated Canal","srp","Head of the Consolidated Canal","4/2/2018","19","872","3",,,,,,,
1012,"MOC","Middle of the Consolidated Canal","srp","Middle of the Consolidated Canal","4/2/2018","16","992","0",,,,,,,
1013,"HTC","Head of the Tempe Canal","tempe","head of tempe canal","4/2/2018","23","856","0",,,,,,,
1014,"Hwy 87","AZ Canal at Highway 87","srp","az canal @ hwy 87","5/7/2018","14","1264","2","Counted Mycobacterium samples after 2 week incubation ",,,,,,
1015,"SOCA","South Canal below CAP Cross-conect","srp","South canal below CAP","5/7/2018","13","1184","0",,,,,,,
1016,"R11","CAP Canal at Cross-connect","cap","cap @ x con","5/7/2018","43","448","1",,,,,,,
1003,"R11","CAP Canal at Cross-connect","cap","cap @ x con","4/2/2018","N/A","N/A","N/A",,,,,,,
1017,"R22","AZ Canal - 56th St. (Alma School Road)","srp","az canal @ 56th st.","5/7/2018","42","512","11",,,,,,,
1018,"R21","AZ Canal at Central Av.","srp","az canal @ central ave.","5/7/2018","16","512","1",,,,,,,
1019,"Pima","AZ Canal at Pima Rd.","srp","az canal @ pima","5/7/2018","10","824","7",,,,,,,
1020,"R12","AZ Canal above CAP Cross-connect","srp","az canal inflow","5/7/2018","31","896","0",,,,,,,
1021,"R3","Waddell Canal","cap","waddell canal","5/7/2018","10","408","0",,,,,,,
1022,"R25","verde river at beeline highway","verde","verde @ beeline","5/7/2018","5","808","56",,,,,,,
1023,"R13","AZ Canal below CAP Cross-connect","srp","az canal blw cap","5/7/2018","20","1424","1",,,,,,,
1024,"HOC","Head of the Consolidated Canal","srp","Head of the Consolidated Canal","5/7/2018","21","640","3",,,,,,,
1025,"MOC","Middle of the Consolidated Canal","srp","Middle of the Consolidated Canal","5/7/2018","17","616","3",,,,,,,
1026,"HTC","Head of the Tempe Canal","tempe","head of tempe canal","5/7/2018","48","648","0",,,,,,,
1027,"Hwy 87","AZ Canal at Highway 87","srp","az canal @ hwy 87","6/4/2018","16","1808","3","Counted Mycobacterium samples after 2 week incubation ",,,,,,
1028,"SOCA","South Canal below CAP Cross-conect","srp","South canal below CAP","6/4/2018","7","1080","3",,,,,,,
1029,"R11","CAP Canal at Cross-connect","cap","cap @ x con","6/4/2018","24","336","3",,,,,,,
1030,"R22","AZ Canal - 56th St. (Alma School Road)","srp","az canal @ 56th st.","6/4/2018","54","1016","3",,,,,,,
1031,"R21","AZ Canal at Central Av.","srp","az canal @ central ave.","6/4/2018","23","624","9",,,,,,,
1032,"Pima","AZ Canal at Pima Rd.","srp","az canal @ pima","6/4/2018","14",,"3",,,,,,,
1033,"R12","AZ Canal above CAP Cross-connect","srp","az canal inflow","6/4/2018","10","1792","2",,,,,,,
1034,"R3","Waddell Canal","cap","waddell canal","6/4/2018","0","392","4",,,,,,,
1035,"R25","verde river at beeline highway","verde","verde @ beeline","6/4/2018","23","1408","19",,,,,,,
1036,"R13","AZ Canal below CAP Cross-connect","srp","az canal blw cap","6/4/2018","17","1392",,,,,,,,
1037,"HOC","Head of the Consolidated Canal","srp","Head of the Consolidated Canal","6/4/2018","5","872","1",,,,,,,
1038,"MOC","Middle of the Consolidated Canal","srp","Middle of the Consolidated Canal","6/4/2018","4","832","2",,,,,,,
1039,"HTC","Head of the Tempe Canal","tempe","head of tempe canal","6/4/2018","9","848","2",,,,,,,
1040,"Hwy 87","AZ Canal at Highway 87","srp","az canal @ hwy 87","7/2/2018","28","1000","13","Counted Mycobacterium samples after 2 week incubation ",,,,,,
1041,"SOCA","South Canal below CAP Cross-conect","srp","South canal below CAP","7/2/2018","27","736","267",,,,,,,
1042,"R11","CAP Canal at Cross-connect","cap","cap @ x con","7/2/2018","11","776","0",,,,,,,
1043,"R22","AZ Canal - 56th St. (Alma School Road)","srp","az canal @ 56th st.","7/2/2018","18","1016","18",,,,,,,
1044,"R21","AZ Canal at Central Av.","srp","az canal @ central ave.","7/2/2018","36","960","3",,,,,,,
1045,"Pima","AZ Canal at Pima Rd.","srp","az canal @ pima","7/2/2018","0","1000","34",,,,,,,
1046,"R12","AZ Canal above CAP Cross-connect","srp","az canal inflow","7/2/2018","20","648","7",,,,,,,
379,"Hwy 87","AZ Canal at Highway 87","srp","az canal @ hwy 87","6/2/2014","21","530",,"TNTC = Too Numerous to Count",,,,,,
380,"SOCA","South Canal below CAP Cross-conect","srp","South canal below CAP","6/2/2014","54","320",,"NCDC = Not Countable Due to Contamination",,,,,,
381,"R11","CAP Canal at Cross-connect","cap","cap @ x con","6/2/2014","13","93",,"ND = Not Detected",,,,,,
383,"R21","AZ Canal at Central Av.","srp","az canal @ central ave.","6/2/2014","34","520",,"CM 1046 Brilliance Media",,,,,,
385,"R12","AZ Canal above CAP Cross-connect","srp","az canal inflow","6/2/2014","15","556",,,,,,,,
386,"R3","Waddell Canal","cap","waddell canal","6/2/2014","5","56",,"All samples incubated at 32 Celsius for 24 hours, highlighted cells counted quarter of plates and multiplied by 4",,,,,,
387,"R25","verde river at beeline highway","verde","verde @ beeline","6/2/2014","19","340",,,,,,,,
388,"R13","AZ Canal below CAP Cross-connect","srp","az canal blw cap","6/2/2014","35","536",,,,,,,,
389,"HOC","Head of the Consolidated Canal","srp","Head of the Consolidated Canal","6/2/2014","37","462",,,,,,,,
1047,"R3","Waddell Canal","cap","waddell canal","7/2/2018","0","896","18",,,,,,,
1048,"R25","verde river at beeline highway","verde","verde @ beeline","7/2/2018","91","472","40",,,,,,,
1049,"R13","AZ Canal below CAP Cross-connect","srp","az canal blw cap","7/2/2018","17","1040","23",,,,,,,
1050,"HOC","Head of the Consolidated Canal","srp","Head of the Consolidated Canal","7/2/2018","32","880","22",,,,,,,
1051,"MOC","Middle of the Consolidated Canal","srp","Middle of the Consolidated Canal","7/2/2018","10","432","6",,,,,,,
1052,"HTC","Head of the Tempe Canal","tempe","head of tempe canal","7/2/2018","194","864","7",,,,,,,
1053,"Hwy 87","AZ Canal at Highway 87","srp","az canal @ hwy 87","8/21/2018","24","760","CONT","Counted Mycobacterium samples after 2 week incubation ",,,,,,
1054,"SOCA","South Canal below CAP Cross-conect","srp","South canal below CAP","8/21/2018","43","1056","CONT",,,,,,,
1055,"R11","CAP Canal at Cross-connect","cap","cap @ x con","8/21/2018","27","344","CONT",,,,,,,
1056,"R22","AZ Canal - 56th St. (Alma School Road)","srp","az canal @ 56th st.","8/21/2018","35","976","CONT",,,,,,,
1057,"R21","AZ Canal at Central Av.","srp","az canal @ central ave.","8/21/2018","55","1008","CONT",,,,,,,
1058,"Pima","AZ Canal at Pima Rd.","srp","az canal @ pima","8/21/2018","13","1096","CONT",,,,,,,
1059,"R12","AZ Canal above CAP Cross-connect","srp","az canal inflow","8/21/2018","11","472","CONT",,,,,,,
1060,"R3","Waddell Canal","cap","waddell canal","8/21/2018","0","144","CONT",,,,,,,
1061,"R25","verde river at beeline highway","verde","verde @ beeline","8/21/2018","67","544","CONT",,,,,,,
1062,"R13","AZ Canal below CAP Cross-connect","srp","az canal blw cap","8/21/2018","18","488","CONT",,,,,,,
1063,"HOC","Head of the Consolidated Canal","srp","Head of the Consolidated Canal","8/21/2018","63","608","CONT",,,,,,,
1064,"MOC","Middle of the Consolidated Canal","srp","Middle of the Consolidated Canal","8/21/2018","119","312","CONT",,,,,,,
1065,"HTC","Head of the Tempe Canal","tempe","head of tempe canal","8/21/2018","55","736","CONT",,,,,,,
1066,"Hwy 87","AZ Canal at Highway 87","srp","az canal @ hwy 87","9/25/2018","26","1264","3","Counted Mycobacterium samples after 2 week incubation ",,,,,,
1067,"SOCA","South Canal below CAP Cross-conect","srp","South canal below CAP","9/25/2018","56","1056","4",,,,,,,
1068,"R11","CAP Canal at Cross-connect","cap","cap @ x con","9/25/2018","8","896","2",,,,,,,
1069,"R22","AZ Canal - 56th St. (Alma School Road)","srp","az canal @ 56th st.","9/25/2018","31","1080","4",,,,,,,
1070,"R21","AZ Canal at Central Av.","srp","az canal @ central ave.","9/25/2018","13","1152","2",,,,,,,
1071,"Pima","AZ Canal at Pima Rd.","srp","az canal @ pima","9/25/2018","14","1768","3",,,,,,,
1072,"R12","AZ Canal above CAP Cross-connect","srp","az canal inflow","9/25/2018","34","992","0",,,,,,,
1073,"R3","Waddell Canal","cap","waddell canal","9/25/2018","6","776","0",,,,,,,
1074,"R25","verde river at beeline highway","verde","verde @ beeline","9/25/2018","48","832","15",,,,,,,
1075,"R13","AZ Canal below CAP Cross-connect","srp","az canal blw cap","9/25/2018","23","960","2",,,,,,,
1076,"HOC","Head of the Consolidated Canal","srp","Head of the Consolidated Canal","9/25/2018","34","1216","5",,,,,,,
1077,"MOC","Middle of the Consolidated Canal","srp","Middle of the Consolidated Canal","9/25/2018","8","1192","6",,,,,,,
1078,"HTC","Head of the Tempe Canal","tempe","head of tempe canal","9/25/2018","37","1128","6",,,,,,,
1079,"Hwy 87","AZ Canal at Highway 87","srp","az canal @ hwy 87","10/22/2018","29","472","2","Counted Mycobacterium samples after 2 week incubation ",,,,,,
1080,"SOCA","South Canal below CAP Cross-conect","srp","South canal below CAP","10/22/2018","57","752",,,,,,,,
1081,"R11","CAP Canal at Cross-connect","cap","cap @ x con","10/22/2018","43","360","2",,,,,,,
1082,"R22","AZ Canal - 56th St. (Alma School Road)","srp","az canal @ 56th st.","10/22/2018","21","488","17",,,,,,,
1083,"R21","AZ Canal at Central Av.","srp","az canal @ central ave.","10/22/2018","56","520","20",,,,,,,
1084,"Pima","AZ Canal at Pima Rd.","srp","az canal @ pima","10/22/2018","10","624","13",,,,,,,
1085,"R12","AZ Canal above CAP Cross-connect","srp","az canal inflow","10/22/2018","40","432","0",,,,,,,
1086,"R3","Waddell Canal","cap","waddell canal","10/22/2018","4","616","0",,,,,,,
1087,"R25","verde river at beeline highway","verde","verde @ beeline","10/22/2018","75","736",,,,,,,,
1088,"R13","AZ Canal below CAP Cross-connect","srp","az canal blw cap","10/22/2018","29","288","1",,,,,,,
1089,"HOC","Head of the Consolidated Canal","srp","Head of the Consolidated Canal","10/22/2018","100","416","35",,,,,,,
1090,"MOC","Middle of the Consolidated Canal","srp","Middle of the Consolidated Canal","10/22/2018","27","648","28",,,,,,,
1091,"HTC","Head of the Tempe Canal","tempe","head of tempe canal","10/22/2018","86","432","75",,,,,,,
1092,"Hwy 87","AZ Canal at Highway 87","srp","az canal @ hwy 87","11/21/2018","19","616","5","Counted Mycobacterium samples after 2 week incubation ",,,,,,
1093,"SOCA","South Canal below CAP Cross-conect","srp","South canal below CAP","11/21/2018",,,,,,,,,,
1094,"R11","CAP Canal at Cross-connect","cap","cap @ x con","11/21/2018","26","920","0",,,,,,,
1095,"R22","AZ Canal - 56th St. (Alma School Road)","srp","az canal @ 56th st.","11/21/2018","6","744","1",,,,,,,
1096,"R21","AZ Canal at Central Av.","srp","az canal @ central ave.","11/21/2018","20","688","6",,,,,,,
1097,"Pima","AZ Canal at Pima Rd.","srp","az canal @ pima","11/21/2018","13","640","4",,,,,,,
1098,"R12","AZ Canal above CAP Cross-connect","srp","az canal inflow","11/21/2018","33","1112","0",,,,,,,
1099,"R3","Waddell Canal","cap","waddell canal","11/21/2018","8","840","1",,,,,,,
1100,"R25","verde river at beeline highway","verde","verde @ beeline","11/21/2018","16","648","8",,,,,,,
1101,"R13","AZ Canal below CAP Cross-connect","srp","az canal blw cap","11/21/2018","24","944","1",,,,,,,
1102,"HOC","Head of the Consolidated Canal","srp","Head of the Consolidated Canal","11/21/2018",,,,,,,,,,
1103,"MOC","Middle of the Consolidated Canal","srp","Middle of the Consolidated Canal","11/21/2018",,,,,,,,,,
1104,"HTC","Head of the Tempe Canal","tempe","head of tempe canal","11/21/2018",,,,,,,,,,
1105,"Hwy 87","AZ Canal at Highway 87","srp","az canal @ hwy 87","12/5/2018","6","640",,"Counted Mycobacterium samples after 2 week incubation ",,,,,,
1106,"SOCA","South Canal below CAP Cross-conect","srp","South canal below CAP","12/5/2018",,,"32",,,,,,,
384,"Pima","AZ Canal at Pima Rd.","srp","az canal @ pima","6/2/2014","17","574",,"TFTC = Too Few to Count",,,,,,
1107,"R11","CAP Canal at Cross-connect","cap","cap @ x con","12/5/2018","21","1096",,,,,,,,
1108,"R22","AZ Canal - 56th St. (Alma School Road)","srp","az canal @ 56th st.","12/5/2018","20","712",,,,,,,,
1109,"R21","AZ Canal at Central Av.","srp","az canal @ central ave.","12/5/2018","23","496",,,,,,,,
1110,"Pima","AZ Canal at Pima Rd.","srp","az canal @ pima","12/5/2018","2","360",,,,,,,,
1111,"R12","AZ Canal above CAP Cross-connect","srp","az canal inflow","12/5/2018","22","984",,,,,,,,
1112,"R3","Waddell Canal","cap","waddell canal","12/5/2018","2","1176","8",,,,,,,
1113,"R25","verde river at beeline highway","verde","verde @ beeline","12/5/2018","51","800","18",,,,,,,
1114,"R13","AZ Canal below CAP Cross-connect","srp","az canal blw cap","12/5/2018","11","1152",,,,,,,,
1115,"HOC","Head of the Consolidated Canal","srp","Head of the Consolidated Canal","12/5/2018",,,"1",,,,,,,
1116,"MOC","Middle of the Consolidated Canal","srp","Middle of the Consolidated Canal","12/5/2018",,,"14",,,,,,,
1117,"HTC","Head of the Tempe Canal","tempe","head of tempe canal","12/5/2018",,,"37",,,,,,,
1118,"Hwy 87","AZ Canal at Highway 87","srp","az canal @ hwy 87","1/22/2019",,,,"Counted Mycobacterium samples after 2 week incubation ",,,,,,
1119,"SOCA","South Canal below CAP Cross-conect","srp","South canal below CAP","1/22/2019","32","364","114",,,,,,,
1120,"R11","CAP Canal at Cross-connect","cap","cap @ x con","1/22/2019",,,"25",,,,,,,
1121,"R22","AZ Canal - 56th St. (Alma School Road)","srp","az canal @ 56th st.","1/22/2019","132",,,,,,,,,
1122,"R21","AZ Canal at Central Av.","srp","az canal @ central ave.","1/22/2019","212","1008","49",,,,,,,
1123,"Pima","AZ Canal at Pima Rd.","srp","az canal @ pima","1/22/2019",,,"80",,,,,,,
1124,"R12","AZ Canal above CAP Cross-connect","srp","az canal inflow","1/22/2019",,,"56",,,,,,,
1125,"R3","Waddell Canal","cap","waddell canal","1/22/2019","10","720",,,,,,,,
1126,"R25","verde river at beeline highway","verde","verde @ beeline","1/22/2019","168","124","408",,,,,,,
1127,"R13","AZ Canal below CAP Cross-connect","srp","az canal blw cap","1/22/2019",,,"96",,,,,,,
1128,"HOC","Head of the Consolidated Canal","srp","Head of the Consolidated Canal","1/22/2019","152","196","5",,,,,,,
1129,"MOC","Middle of the Consolidated Canal","srp","Middle of the Consolidated Canal","1/22/2019",,,"42",,,,,,,
1130,"HTC","Head of the Tempe Canal","tempe","head of tempe canal","1/22/2019","136","406",,,,,,,,
1131,"Hwy 87","AZ Canal at Highway 87","srp","az canal @ hwy 87","2/25/2019","64","284",,"Counted Mycobacterium samples after 2 week incubation ",,,,,,
1132,"SOCA","South Canal below CAP Cross-conect","srp","South canal below CAP","2/25/2019","88","309",,,,,,,,
1133,"R11","CAP Canal at Cross-connect","cap","cap @ x con","2/25/2019","6","196",,,,,,,,
1134,"R22","AZ Canal - 56th St. (Alma School Road)","srp","az canal @ 56th st.","2/25/2019","56","104","144",,,,,,,
1135,"R21","AZ Canal at Central Av.","srp","az canal @ central ave.","2/25/2019","80","350","104",,,,,,,
1136,"Pima","AZ Canal at Pima Rd.","srp","az canal @ pima","2/25/2019",,,,,,,,,,
1137,"R12","AZ Canal above CAP Cross-connect","srp","az canal inflow","2/25/2019","11","296",,,,,,,,
390,"MOC","Middle of the Consolidated Canal","srp","Middle of the Consolidated Canal","6/2/2014","45","552",,,,,,,,
391,"HTC","Head of the Tempe Canal","tempe","head of tempe canal","6/2/2014","29","378",,,,,,,,
392,"Hwy 87","AZ Canal at Highway 87","srp","az canal @ hwy 87","7/7/2014","18","496",,"All samples incubated at 32 Celsius for 24 hours, highlighted cells counted quarter of plates and multiplied by 4",,,,,,
393,"SOCA","South Canal below CAP Cross-conect","srp","South canal below CAP","7/7/2014","28","456",,,,,,,,
394,"R11","CAP Canal at Cross-connect","cap","cap @ x con","7/7/2014","50","548",,,,,,,,
395,"R22","AZ Canal - 56th St. (Alma School Road)","srp","az canal @ 56th st.","7/7/2014","20","390",,,,,,,,
396,"R21","AZ Canal at Central Av.","srp","az canal @ central ave.","7/7/2014","52","440",,,,,,,,
397,"Pima","AZ Canal at Pima Rd.","srp","az canal @ pima","7/7/2014","16","330",,,,,,,,
398,"R12","AZ Canal above CAP Cross-connect","srp","az canal inflow","7/7/2014","34","462",,,,,,,,
399,"R3","Waddell Canal","cap","waddell canal","7/7/2014","0","23",,,,,,,,
400,"R25","verde river at beeline highway","verde","verde @ beeline","7/7/2014","158","548",,,,,,,,
401,"R13","AZ Canal below CAP Cross-connect","srp","az canal blw cap","7/7/2014","36","474",,,,,,,,
402,"HOC","Head of the Consolidated Canal","srp","Head of the Consolidated Canal","7/7/2014","24","304",,,,,,,,
403,"MOC","Middle of the Consolidated Canal","srp","Middle of the Consolidated Canal","7/7/2014","48","240",,,,,,,,
404,"HTC","Head of the Tempe Canal","tempe","head of tempe canal","7/7/2014","18","260",,,,,,,,
405,"Hwy 87","AZ Canal at Highway 87","srp","az canal @ hwy 87","8/5/2014","14","542",,"All samples incubated at 32 Celsius for 24 hours, highlighted cells counted quarter of plates and multiplied by 4",,,,,,
406,"SOCA","South Canal below CAP Cross-conect","srp","South canal below CAP","8/5/2014","24","462",,,,,,,,
407,"R11","CAP Canal at Cross-connect","cap","cap @ x con","8/5/2014","2","548",,,,,,,,
408,"R22","AZ Canal - 56th St. (Alma School Road)","srp","az canal @ 56th st.","8/5/2014","28","522",,,,,,,,
409,"R21","AZ Canal at Central Av.","srp","az canal @ central ave.","8/5/2014","174","750",,,,,,,,
410,"Pima","AZ Canal at Pima Rd.","srp","az canal @ pima","8/5/2014","32","622",,,,,,,,
411,"R12","AZ Canal above CAP Cross-connect","srp","az canal inflow","8/5/2014","10","606",,,,,,,,
412,"R3","Waddell Canal","cap","waddell canal","8/5/2014","10","436",,,,,,,,
413,"R25","verde river at beeline highway","verde","verde @ beeline","8/5/2014","436","628",,,,,,,,
414,"R13","AZ Canal below CAP Cross-connect","srp","az canal blw cap","8/5/2014","10","462",,,,,,,,
415,"HOC","Head of the Consolidated Canal","srp","Head of the Consolidated Canal","8/5/2014","20","390",,,,,,,,
416,"MOC","Middle of the Consolidated Canal","srp","Middle of the Consolidated Canal","8/5/2014","4","444",,,,,,,,
417,"HTC","Head of the Tempe Canal","tempe","head of tempe canal","8/5/2014","18","444",,,,,,,,
418,"Hwy 87","AZ Canal at Highway 87","srp","az canal @ hwy 87","9/8/2014","1080",,"NCDC",,,,,,,
419,"SOCA","South Canal below CAP Cross-conect","srp","South canal below CAP","9/8/2014","1360",,"NCDC",,,,,,,
420,"R11","CAP Canal at Cross-connect","cap","cap @ x con","9/8/2014","6",,"2",,,,,,,
421,"R22","AZ Canal - 56th St. (Alma School Road)","srp","az canal @ 56th st.","9/8/2014","260",,"NCDC",,,,,,,
422,"R21","AZ Canal at Central Av.","srp","az canal @ central ave.","9/8/2014","432",,"12",,,,,,,
423,"Pima","AZ Canal at Pima Rd.","srp","az canal @ pima","9/8/2014","2580",,"NCDC",,,,,,,
424,"R12","AZ Canal above CAP Cross-connect","srp","az canal inflow","9/8/2014","1150",,"NCDC",,,,,,,
425,"R3","Waddell Canal","cap","waddell canal","9/8/2014","38",,"0",,,,,,,
426,"R25","verde river at beeline highway","verde","verde @ beeline","9/8/2014","2240",,"NCDC",,,,,,,
427,"R13","AZ Canal below CAP Cross-connect","srp","az canal blw cap","9/8/2014","990",,"NCDC",,,,,,,
428,"HOC","Head of the Consolidated Canal","srp","Head of the Consolidated Canal","9/8/2014","92",,"2",,,,,,,
429,"MOC","Middle of the Consolidated Canal","srp","Middle of the Consolidated Canal","9/8/2014","104",,"9",,,,,,,
430,"HTC","Head of the Tempe Canal","tempe","head of tempe canal","9/8/2014","46",,"3",,,,,,,
431,"Hwy 87","AZ Canal at Highway 87","srp","az canal @ hwy 87","10/6/2014","120",,"NCDC",,,,,,,
432,"SOCA","South Canal below CAP Cross-conect","srp","South canal below CAP","10/6/2014","86",,"NCDC",,,,,,,
433,"R11","CAP Canal at Cross-connect","cap","cap @ x con","10/6/2014","60","364","9",,,,,,,
434,"R22","AZ Canal - 56th St. (Alma School Road)","srp","az canal @ 56th st.","10/6/2014","50",,"NCDC",,,,,,,
435,"R21","AZ Canal at Central Av.","srp","az canal @ central ave.","10/6/2014","82",,"NCDC",,,,,,,
436,"Pima","AZ Canal at Pima Rd.","srp","az canal @ pima","10/6/2014","60",,"NCDC",,,,,,,
437,"R12","AZ Canal above CAP Cross-connect","srp","az canal inflow","10/6/2014","16","510","11",,,,,,,
438,"R3","Waddell Canal","cap","waddell canal","10/6/2014","4","184","1",,,,,,,
439,"R25","verde river at beeline highway","verde","verde @ beeline","10/6/2014","114",,"NCDC",,,,,,,
440,"R13","AZ Canal below CAP Cross-connect","srp","az canal blw cap","10/6/2014","72",,"NCDC",,,,,,,
441,"HOC","Head of the Consolidated Canal","srp","Head of the Consolidated Canal","10/6/2014","30","444","NCDC",,,,,,,
442,"MOC","Middle of the Consolidated Canal","srp","Middle of the Consolidated Canal","10/6/2014","5",,"NCDC",,,,,,,
443,"HTC","Head of the Tempe Canal","tempe","head of tempe canal","10/6/2014","21","470","NCDC",,,,,,,
444,"Hwy 87","AZ Canal at Highway 87","srp","az canal @ hwy 87","11/3/2014","53",,"64","Counted samples after 2 week incubation ",,,,,,
445,"SOCA","South Canal below CAP Cross-conect","srp","South canal below CAP","11/3/2014","50",,"33",,,,,,,
446,"R11","CAP Canal at Cross-connect","cap","cap @ x con","11/3/2014","19","676","5",,,,,,,
447,"R22","AZ Canal - 56th St. (Alma School Road)","srp","az canal @ 56th st.","11/3/2014","23",,"NCDC",,,,,,,
448,"R21","AZ Canal at Central Av.","srp","az canal @ central ave.","11/3/2014","40",,"76",,,,,,,
449,"Pima","AZ Canal at Pima Rd.","srp","az canal @ pima","11/3/2014","45",,"NCDC",,,,,,,
450,"R12","AZ Canal above CAP Cross-connect","srp","az canal inflow","11/3/2014","10",,"NCDC",,,,,,,
451,"R3","Waddell Canal","cap","waddell canal","11/3/2014","18",,"9",,,,,,,
452,"R25","verde river at beeline highway","verde","verde @ beeline","11/3/2014","118",,"NCDC",,,,,,,
453,"R13","AZ Canal below CAP Cross-connect","srp","az canal blw cap","11/3/2014","29",,"NCDC",,,,,,,
454,"HOC","Head of the Consolidated Canal","srp","Head of the Consolidated Canal","11/3/2014","29","672","68",,,,,,,
455,"MOC","Middle of the Consolidated Canal","srp","Middle of the Consolidated Canal","11/3/2014","46","776","37",,,,,,,
456,"HTC","Head of the Tempe Canal","tempe","head of tempe canal","11/3/2014","20","1100","76",,,,,,,
457,"Hwy 87","AZ Canal at Highway 87","srp","az canal @ hwy 87","12/1/2014","20","580","TNTC",,,,,,,
458,"SOCA","South Canal below CAP Cross-conect","srp","South canal below CAP","12/1/2014","3",,"42",,,,,,,
459,"R11","CAP Canal at Cross-connect","cap","cap @ x con","12/1/2014","18",,"16",,,,,,,
460,"R22","AZ Canal - 56th St. (Alma School Road)","srp","az canal @ 56th st.","12/1/2014","5",,"96",,,,,,,
461,"R21","AZ Canal at Central Av.","srp","az canal @ central ave.","12/1/2014","17",,"88",,,,,,,
462,"Pima","AZ Canal at Pima Rd.","srp","az canal @ pima","12/1/2014","7",,"120",,,,,,,
463,"R12","AZ Canal above CAP Cross-connect","srp","az canal inflow","12/1/2014","18","822","36",,,,,,,
464,"R3","Waddell Canal","cap","waddell canal","12/1/2014","4","634","47",,,,,,,
465,"R25","verde river at beeline highway","verde","verde @ beeline","12/1/2014","13",,"TNTC",,,,,,,
466,"R13","AZ Canal below CAP Cross-connect","srp","az canal blw cap","12/1/2014","20",,"52",,,,,,,
467,"HOC","Head of the Consolidated Canal","srp","Head of the Consolidated Canal","12/1/2014","3","562","104",,,,,,,
468,"MOC","Middle of the Consolidated Canal","srp","Middle of the Consolidated Canal","12/1/2014","1","254","3",,,,,,,
469,"HTC","Head of the Tempe Canal","tempe","head of tempe canal","12/1/2014",,,"104",,,,,,,
470,"Hwy 87","AZ Canal at Highway 87","srp","az canal @ hwy 87","1/5/2015",,,,"Counted samples after 2 week incubation ",,,,,,
471,"SOCA","South Canal below CAP Cross-conect","srp","South canal below CAP","1/5/2015",,,,,,,,,,
472,"R11","CAP Canal at Cross-connect","cap","cap @ x con","1/5/2015","7",,"88",,,,,,,
473,"R22","AZ Canal - 56th St. (Alma School Road)","srp","az canal @ 56th st.","1/5/2015","60","478","92",,,,,,,
474,"R21","AZ Canal at Central Av.","srp","az canal @ central ave.","1/5/2015","16","514","TNTC",,,,,,,
475,"Pima","AZ Canal at Pima Rd.","srp","az canal @ pima","1/5/2015","23","546","168",,,,,,,
476,"R12","AZ Canal above CAP Cross-connect","srp","az canal inflow","1/5/2015",,,,,,,,,,
477,"R3","Waddell Canal","cap","waddell canal","1/5/2015","2","388","16",,,,,,,
478,"R25","verde river at beeline highway","verde","verde @ beeline","1/5/2015","16",,"220",,,,,,,
479,"R13","AZ Canal below CAP Cross-connect","srp","az canal blw cap","1/5/2015",,,,,,,,,,
480,"HOC","Head of the Consolidated Canal","srp","Head of the Consolidated Canal","1/5/2015","1","418","36",,,,,,,
481,"MOC","Middle of the Consolidated Canal","srp","Middle of the Consolidated Canal","1/5/2015","3","418","14",,,,,,,
482,"HTC","Head of the Tempe Canal","tempe","head of tempe canal","1/5/2015",,,"TNTC",,,,,,,
483,"Hwy 87","AZ Canal at Highway 87","srp","az canal @ hwy 87","2/2/2015","60",,"TNTC","Counted samples after 2 week incubation ",,,,,,
484,"SOCA","South Canal below CAP Cross-conect","srp","South canal below CAP","2/2/2015","114","564","44",,,,,,,
485,"R11","CAP Canal at Cross-connect","cap","cap @ x con","2/2/2015","10",,"84",,,,,,,
486,"R22","AZ Canal - 56th St. (Alma School Road)","srp","az canal @ 56th st.","2/2/2015",,,,,,,,,,
487,"R21","AZ Canal at Central Av.","srp","az canal @ central ave.","2/2/2015","82","612","64",,,,,,,
488,"Pima","AZ Canal at Pima Rd.","srp","az canal @ pima","2/2/2015","14","684","80",,,,,,,
489,"R12","AZ Canal above CAP Cross-connect","srp","az canal inflow","2/2/2015","3",,"68",,,,,,,
490,"R3","Waddell Canal","cap","waddell canal","2/2/2015","2","404","21",,,,,,,
491,"R25","verde river at beeline highway","verde","verde @ beeline","2/2/2015","72",,"TNTC",,,,,,,
492,"R13","AZ Canal below CAP Cross-connect","srp","az canal blw cap","2/2/2015","28",,"27",,,,,,,
493,"HOC","Head of the Consolidated Canal","srp","Head of the Consolidated Canal","2/2/2015","60","928","156",,,,,,,
494,"MOC","Middle of the Consolidated Canal","srp","Middle of the Consolidated Canal","2/2/2015","206",,"TNTC",,,,,,,
495,"HTC","Head of the Tempe Canal","tempe","head of tempe canal","2/2/2015","44","792","228",,,,,,,
496,"Hwy 87","AZ Canal at Highway 87","srp","az canal @ hwy 87","3/9/2015","28","628","19","Counted samples after 2 week incubation ",,,,,,
497,"SOCA","South Canal below CAP Cross-conect","srp","South canal below CAP","3/9/2015","132","608","TNTC",,,,,,,
498,"R11","CAP Canal at Cross-connect","cap","cap @ x con","3/9/2015","12","596","15",,,,,,,
499,"R22","AZ Canal - 56th St. (Alma School Road)","srp","az canal @ 56th st.","3/9/2015",,,,,,,,,,
500,"R21","AZ Canal at Central Av.","srp","az canal @ central ave.","3/9/2015","36","700","21",,,,,,,
501,"Pima","AZ Canal at Pima Rd.","srp","az canal @ pima","3/9/2015","6",,"102",,,,,,,
502,"R12","AZ Canal above CAP Cross-connect","srp","az canal inflow","3/9/2015","24","500","35",,,,,,,
503,"R3","Waddell Canal","cap","waddell canal","3/9/2015","12","260","4",,,,,,,
504,"R25","verde river at beeline highway","verde","verde @ beeline","3/9/2015","32","808","TNTC",,,,,,,
505,"R13","AZ Canal below CAP Cross-connect","srp","az canal blw cap","3/9/2015","48","468","34",,,,,,,
506,"HOC","Head of the Consolidated Canal","srp","Head of the Consolidated Canal","3/9/2015","14","528","16",,,,,,,
507,"MOC","Middle of the Consolidated Canal","srp","Middle of the Consolidated Canal","3/9/2015","28","616","22",,,,,,,
508,"HTC","Head of the Tempe Canal","tempe","head of tempe canal","3/9/2015","29","704","TNTC",,,,,,,
509,"Hwy 87","AZ Canal at Highway 87","srp","az canal @ hwy 87","4/6/2015","32","820","116","Counted samples after 2 week incubation ",,,,,,
510,"SOCA","South Canal below CAP Cross-conect","srp","South canal below CAP","4/6/2015","52","728","3",,,,,,,
511,"R11","CAP Canal at Cross-connect","cap","cap @ x con","4/6/2015","24",,"TNTC",,,,,,,
512,"R22","AZ Canal - 56th St. (Alma School Road)","srp","az canal @ 56th st.","4/6/2015","12","660",,,,,,,,
513,"R21","AZ Canal at Central Av.","srp","az canal @ central ave.","4/6/2015","96",,"4",,,,,,,
514,"Pima","AZ Canal at Pima Rd.","srp","az canal @ pima","4/6/2015","32",,"94",,,,,,,
515,"R12","AZ Canal above CAP Cross-connect","srp","az canal inflow","4/6/2015","16","712","46",,,,,,,
516,"R3","Waddell Canal","cap","waddell canal","4/6/2015","0","148",,,,,,,,
517,"R25","verde river at beeline highway","verde","verde @ beeline","4/6/2015","256",,"TNTC",,,,,,,
518,"R13","AZ Canal below CAP Cross-connect","srp","az canal blw cap","4/6/2015","28","844","192",,,,,,,
519,"HOC","Head of the Consolidated Canal","srp","Head of the Consolidated Canal","4/6/2015","16","636","46",,,,,,,
520,"MOC","Middle of the Consolidated Canal","srp","Middle of the Consolidated Canal","4/6/2015","48","784","34",,,,,,,
521,"HTC","Head of the Tempe Canal","tempe","head of tempe canal","4/6/2015","24","776","182",,,,,,,
522,"Hwy 87","AZ Canal at Highway 87","srp","az canal @ hwy 87","5/4/2015","40",,,"Counted samples after 2 week incubation ",,,,,,
523,"SOCA","South Canal below CAP Cross-conect","srp","South canal below CAP","5/4/2015","180",,,,,,,,,
524,"R11","CAP Canal at Cross-connect","cap","cap @ x con","5/4/2015","28","936",,,,,,,,
525,"R22","AZ Canal - 56th St. (Alma School Road)","srp","az canal @ 56th st.","5/4/2015","76",,,,,,,,,
526,"R21","AZ Canal at Central Av.","srp","az canal @ central ave.","5/4/2015","88","768",,,,,,,,
527,"Pima","AZ Canal at Pima Rd.","srp","az canal @ pima","5/4/2015","36",,,,,,,,,
528,"R12","AZ Canal above CAP Cross-connect","srp","az canal inflow","5/4/2015","24","960",,,,,,,,
529,"R3","Waddell Canal","cap","waddell canal","5/4/2015","2","344",,,,,,,,
530,"R25","verde river at beeline highway","verde","verde @ beeline","5/4/2015","380",,,,,,,,,
531,"R13","AZ Canal below CAP Cross-connect","srp","az canal blw cap","5/4/2015","48",,,,,,,,,
532,"HOC","Head of the Consolidated Canal","srp","Head of the Consolidated Canal","5/4/2015","48",,,,,,,,,
533,"MOC","Middle of the Consolidated Canal","srp","Middle of the Consolidated Canal","5/4/2015","176","1016",,,,,,,,
534,"HTC","Head of the Tempe Canal","tempe","head of tempe canal","5/4/2015","40",,,,,,,,,
535,"Hwy 87","AZ Canal at Highway 87","srp","az canal @ hwy 87","6/1/2015","8","756","36","Counted samples after 2 week incubation ",,,,,,
536,"SOCA","South Canal below CAP Cross-conect","srp","South canal below CAP","6/1/2015","24","780","5",,,,,,,
537,"R11","CAP Canal at Cross-connect","cap","cap @ x con","6/1/2015","9","652","2",,,,,,,
538,"R22","AZ Canal - 56th St. (Alma School Road)","srp","az canal @ 56th st.","6/1/2015","32","560","17",,,,,,,
539,"R21","AZ Canal at Central Av.","srp","az canal @ central ave.","6/1/2015","44","600","37",,,,,,,
540,"Pima","AZ Canal at Pima Rd.","srp","az canal @ pima","6/1/2015","24","744","1",,,,,,,
541,"R12","AZ Canal above CAP Cross-connect","srp","az canal inflow","6/1/2015","22","764","7",,,,,,,
542,"R3","Waddell Canal","cap","waddell canal","6/1/2015","4","640","3",,,,,,,
543,"R25","verde river at beeline highway","verde","verde @ beeline","6/1/2015","48","828",,,,,,,,
544,"R13","AZ Canal below CAP Cross-connect","srp","az canal blw cap","6/1/2015","11","708","24",,,,,,,
545,"HOC","Head of the Consolidated Canal","srp","Head of the Consolidated Canal","6/1/2015","32","820","12",,,,,,,
546,"MOC","Middle of the Consolidated Canal","srp","Middle of the Consolidated Canal","6/1/2015","76","792","19",,,,,,,
547,"HTC","Head of the Tempe Canal","tempe","head of tempe canal","6/1/2015","24",,"4",,,,,,,
548,"Hwy 87","AZ Canal at Highway 87","srp","az canal @ hwy 87","7/6/2015","13","744","12","Counted samples after 2 week incubation ",,,,,,
549,"SOCA","South Canal below CAP Cross-conect","srp","South canal below CAP","7/6/2015","16","712","25",,,,,,,
550,"R11","CAP Canal at Cross-connect","cap","cap @ x con","7/6/2015",,,,,,,,,,
551,"R22","AZ Canal - 56th St. (Alma School Road)","srp","az canal @ 56th st.","7/6/2015","16",,"1",,,,,,,
552,"R21","AZ Canal at Central Av.","srp","az canal @ central ave.","7/6/2015","112","808","9",,,,,,,
553,"Pima","AZ Canal at Pima Rd.","srp","az canal @ pima","7/6/2015","44",,"8",,,,,,,
554,"R12","AZ Canal above CAP Cross-connect","srp","az canal inflow","7/6/2015","13","795","13",,,,,,,
555,"R3","Waddell Canal","cap","waddell canal","7/6/2015","1","404","18",,,,,,,
556,"R25","verde river at beeline highway","verde","verde @ beeline","7/6/2015",,,,,,,,,,
557,"R13","AZ Canal below CAP Cross-connect","srp","az canal blw cap","7/6/2015","11","756","28",,,,,,,
558,"HOC","Head of the Consolidated Canal","srp","Head of the Consolidated Canal","7/6/2015","32","768","19",,,,,,,
559,"MOC","Middle of the Consolidated Canal","srp","Middle of the Consolidated Canal","7/6/2015","56","872","4",,,,,,,
560,"HTC","Head of the Tempe Canal","tempe","head of tempe canal","7/6/2015","28",,"2",,,,,,,
561,"Hwy 87","AZ Canal at Highway 87","srp","az canal @ hwy 87","8/3/2015","28","904","ND","Counted samples after 2 week incubation ",,,,,,
562,"SOCA","South Canal below CAP Cross-conect","srp","South canal below CAP","8/3/2015","16","776","8",,,,,,,
563,"R11","CAP Canal at Cross-connect","cap","cap @ x con","8/3/2015","36","808","3",,,,,,,
564,"R22","AZ Canal - 56th St. (Alma School Road)","srp","az canal @ 56th st.","8/3/2015","8","912","4",,,,,,,
565,"R21","AZ Canal at Central Av.","srp","az canal @ central ave.","8/3/2015","52","784","6",,,,,,,
566,"Pima","AZ Canal at Pima Rd.","srp","az canal @ pima","8/3/2015","28","844","ND",,,,,,,
567,"R12","AZ Canal above CAP Cross-connect","srp","az canal inflow","8/3/2015","20","840","ND",,,,,,,
568,"R3","Waddell Canal","cap","waddell canal","8/3/2015","16","880","9",,,,,,,
569,"R25","verde river at beeline highway","verde","verde @ beeline","8/3/2015","132",,"1",,,,,,,
570,"R13","AZ Canal below CAP Cross-connect","srp","az canal blw cap","8/3/2015","12",,"ND",,,,,,,
571,"HOC","Head of the Consolidated Canal","srp","Head of the Consolidated Canal","8/3/2015","36",,"2",,,,,,,
572,"MOC","Middle of the Consolidated Canal","srp","Middle of the Consolidated Canal","8/3/2015","7","692","7",,,,,,,
573,"HTC","Head of the Tempe Canal","tempe","head of tempe canal","8/3/2015","20","504","3",,,,,,,
574,"Hwy 87","AZ Canal at Highway 87","srp","az canal @ hwy 87","8/31/2015","9",,"0","Counted samples after 2 week incubation ",,,,,,
575,"SOCA","South Canal below CAP Cross-conect","srp","South canal below CAP","8/31/2015","24","964","NCDC",,,,,,,
576,"R11","CAP Canal at Cross-connect","cap","cap @ x con","8/31/2015","4","784","24",,,,,,,
577,"R22","AZ Canal - 56th St. (Alma School Road)","srp","az canal @ 56th st.","8/31/2015","16","868","NCDC",,,,,,,
578,"R21","AZ Canal at Central Av.","srp","az canal @ central ave.","8/31/2015","28",,"NCDC",,,,,,,
579,"Pima","AZ Canal at Pima Rd.","srp","az canal @ pima","8/31/2015",,,"N/A",,,,,,,
580,"R12","AZ Canal above CAP Cross-connect","srp","az canal inflow","8/31/2015","24","744","11",,,,,,,
581,"R3","Waddell Canal","cap","waddell canal","8/31/2015","1","572","0",,,,,,,
582,"R25","verde river at beeline highway","verde","verde @ beeline","8/31/2015","53",,"5",,,,,,,
583,"R13","AZ Canal below CAP Cross-connect","srp","az canal blw cap","8/31/2015","16","848","3",,,,,,,
584,"HOC","Head of the Consolidated Canal","srp","Head of the Consolidated Canal","8/31/2015","12","988","1",,,,,,,
585,"MOC","Middle of the Consolidated Canal","srp","Middle of the Consolidated Canal","8/31/2015","12",,"0",,,,,,,
586,"HTC","Head of the Tempe Canal","tempe","head of tempe canal","8/31/2015","11",,"0",,,,,,,
587,"Hwy 87","AZ Canal at Highway 87","srp","az canal @ hwy 87","10/5/2015","8",,"4","Counted samples after 2 week incubation ",,,,,,
588,"SOCA","South Canal below CAP Cross-conect","srp","South canal below CAP","10/5/2015",,,"NCDC",,,,,,,
589,"R11","CAP Canal at Cross-connect","cap","cap @ x con","10/5/2015","4",,"2",,,,,,,
590,"R22","AZ Canal - 56th St. (Alma School Road)","srp","az canal @ 56th st.","10/5/2015","14","784","NCDC",,,,,,,
591,"R21","AZ Canal at Central Av.","srp","az canal @ central ave.","10/5/2015","24","880","6",,,,,,,
592,"Pima","AZ Canal at Pima Rd.","srp","az canal @ pima","10/5/2015","12","720","4",,,,,,,
593,"R12","AZ Canal above CAP Cross-connect","srp","az canal inflow","10/5/2015","14",,"5",,,,,,,
594,"R3","Waddell Canal","cap","waddell canal","10/5/2015",,,"N/A",,,,,,,
595,"R25","verde river at beeline highway","verde","verde @ beeline","10/5/2015","22","1116","NCDC",,,,,,,
596,"R13","AZ Canal below CAP Cross-connect","srp","az canal blw cap","10/5/2015","20","1184","NCDC",,,,,,,
597,"HOC","Head of the Consolidated Canal","srp","Head of the Consolidated Canal","10/5/2015","16","1144","3",,,,,,,
598,"MOC","Middle of the Consolidated Canal","srp","Middle of the Consolidated Canal","10/5/2015","24","1120","4",,,,,,,
599,"HTC","Head of the Tempe Canal","tempe","head of tempe canal","10/5/2015","28",,"7",,,,,,,
600,"Hwy 87","AZ Canal at Highway 87","srp","az canal @ hwy 87","11/2/2015","9","960","22","Counted samples after 2 week incubation ",,,,,,
601,"SOCA","South Canal below CAP Cross-conect","srp","South canal below CAP","11/2/2015","76",,"1",,,,,,,
602,"R11","CAP Canal at Cross-connect","cap","cap @ x con","11/2/2015","4","1116","10",,,,,,,
603,"R22","AZ Canal - 56th St. (Alma School Road)","srp","az canal @ 56th st.","11/2/2015","16","772","NCDC",,,,,,,
604,"R21","AZ Canal at Central Av.","srp","az canal @ central ave.","11/2/2015","36","720","NCDC",,,,,,,
605,"Pima","AZ Canal at Pima Rd.","srp","az canal @ pima","11/2/2015",,,"N/A",,,,,,,
606,"R12","AZ Canal above CAP Cross-connect","srp","az canal inflow","11/2/2015","2","984","0",,,,,,,
607,"R3","Waddell Canal","cap","waddell canal","11/2/2015",,,"NCDC",,,,,,,
608,"R25","verde river at beeline highway","verde","verde @ beeline","11/2/2015","116",,"NCDC",,,,,,,
609,"R13","AZ Canal below CAP Cross-connect","srp","az canal blw cap","11/2/2015","25",,"11",,,,,,,
610,"HOC","Head of the Consolidated Canal","srp","Head of the Consolidated Canal","11/2/2015","11","988","0",,,,,,,
611,"MOC","Middle of the Consolidated Canal","srp","Middle of the Consolidated Canal","11/2/2015","14","936","9",,,,,,,
612,"HTC","Head of the Tempe Canal","tempe","head of tempe canal","11/2/2015","14","732","3",,,,,,,
613,"Hwy 87","AZ Canal at Highway 87","srp","az canal @ hwy 87","12/7/2015",,,,"Counted samples after 2 week incubation ",,,,,,
614,"SOCA","South Canal below CAP Cross-conect","srp","South canal below CAP","12/7/2015",,,,,,,,,,
615,"R11","CAP Canal at Cross-connect","cap","cap @ x con","12/7/2015",,,,,,,,,,
616,"R22","AZ Canal - 56th St. (Alma School Road)","srp","az canal @ 56th st.","12/7/2015","10","748","18",,,,,,,
617,"R21","AZ Canal at Central Av.","srp","az canal @ central ave.","12/7/2015","13","680","NCDC",,,,,,,
618,"Pima","AZ Canal at Pima Rd.","srp","az canal @ pima","12/7/2015","5","540","NCDC",,,,,,,
619,"R12","AZ Canal above CAP Cross-connect","srp","az canal inflow","12/7/2015",,,,,,,,,,
620,"R3","Waddell Canal","cap","waddell canal","12/7/2015","5","712","0",,,,,,,
621,"R25","verde river at beeline highway","verde","verde @ beeline","12/7/2015","32",,"NCDC",,,,,,,
622,"R13","AZ Canal below CAP Cross-connect","srp","az canal blw cap","12/7/2015",,,,,,,,,,
623,"HOC","Head of the Consolidated Canal","srp","Head of the Consolidated Canal","12/7/2015",,,,,,,,,,
624,"MOC","Middle of the Consolidated Canal","srp","Middle of the Consolidated Canal","12/7/2015","8","608","2",,,,,,,
625,"HTC","Head of the Tempe Canal","tempe","head of tempe canal","12/7/2015",,,,,,,,,,
626,"Hwy 87","AZ Canal at Highway 87","srp","az canal @ hwy 87","1/4/2016","5","252",,"Counted samples after 2 week incubation ",,,,,,
627,"SOCA","South Canal below CAP Cross-conect","srp","South canal below CAP","1/4/2016",,,,,,,,,,
628,"R11","CAP Canal at Cross-connect","cap","cap @ x con","1/4/2016","89","256",,,,,,,,
629,"R22","AZ Canal - 56th St. (Alma School Road)","srp","az canal @ 56th st.","1/4/2016","6","380",,,,,,,,
630,"R21","AZ Canal at Central Av.","srp","az canal @ central ave.","1/4/2016","100","296",,,,,,,,
631,"Pima","AZ Canal at Pima Rd.","srp","az canal @ pima","1/4/2016","52","428",,,,,,,,
632,"R12","AZ Canal above CAP Cross-connect","srp","az canal inflow","1/4/2016","3","580",,,,,,,,
633,"R3","Waddell Canal","cap","waddell canal","1/4/2016",,,,,,,,,,
634,"R25","verde river at beeline highway","verde","verde @ beeline","1/4/2016","37","232",,,,,,,,
635,"R13","AZ Canal below CAP Cross-connect","srp","az canal blw cap","1/4/2016","24","172",,,,,,,,
636,"HOC","Head of the Consolidated Canal","srp","Head of the Consolidated Canal","1/4/2016","9","380",,,,,,,,
637,"MOC","Middle of the Consolidated Canal","srp","Middle of the Consolidated Canal","1/4/2016","16","300",,,,,,,,
638,"HTC","Head of the Tempe Canal","tempe","head of tempe canal","1/4/2016","19","496",,,,,,,,
639,"Hwy 87","AZ Canal at Highway 87","srp","az canal @ hwy 87","2/1/2016","2","168","1","Counted samples after 2 week incubation ",,,,,,
640,"SOCA","South Canal below CAP Cross-conect","srp","South canal below CAP","2/1/2016","22","140","NCDC",,,,,,,
641,"R11","CAP Canal at Cross-connect","cap","cap @ x con","2/1/2016",,,,,,,,,,
642,"R22","AZ Canal - 56th St. (Alma School Road)","srp","az canal @ 56th st.","2/1/2016","6","452","0",,,,,,,
643,"R21","AZ Canal at Central Av.","srp","az canal @ central ave.","2/1/2016","24","184","5",,,,,,,
644,"Pima","AZ Canal at Pima Rd.","srp","az canal @ pima","2/1/2016","13","368","4",,,,,,,
645,"R12","AZ Canal above CAP Cross-connect","srp","az canal inflow","2/1/2016",,,,,,,,,,
646,"R3","Waddell Canal","cap","waddell canal","2/1/2016","1","180","0",,,,,,,
647,"R25","verde river at beeline highway","verde","verde @ beeline","2/1/2016","70","152","1",,,,,,,
648,"R13","AZ Canal below CAP Cross-connect","srp","az canal blw cap","2/1/2016","24","304","NCDC",,,,,,,
649,"HOC","Head of the Consolidated Canal","srp","Head of the Consolidated Canal","2/1/2016","9","256","3",,,,,,,
650,"MOC","Middle of the Consolidated Canal","srp","Middle of the Consolidated Canal","2/1/2016","7","436","5",,,,,,,
651,"HTC","Head of the Tempe Canal","tempe","head of tempe canal","2/1/2016","8","296","3",,,,,,,
652,"Hwy 87","AZ Canal at Highway 87","srp","az canal @ hwy 87","3/7/2016","9","388","17","Counted samples after 2 week incubation ",,,,,,
653,"SOCA","South Canal below CAP Cross-conect","srp","South canal below CAP","3/7/2016",,,,,,,,,,
654,"R11","CAP Canal at Cross-connect","cap","cap @ x con","3/7/2016","6","980","0",,,,,,,
655,"R22","AZ Canal - 56th St. (Alma School Road)","srp","az canal @ 56th st.","3/7/2016","23","624","4",,,,,,,
656,"R21","AZ Canal at Central Av.","srp","az canal @ central ave.","3/7/2016","72","544","19",,,,,,,
657,"Pima","AZ Canal at Pima Rd.","srp","az canal @ pima","3/7/2016","6","688","3",,,,,,,
658,"R12","AZ Canal above CAP Cross-connect","srp","az canal inflow","3/7/2016","8","412","1",,,,,,,
659,"R3","Waddell Canal","cap","waddell canal","3/7/2016","2","476","0",,,,,,,
660,"R25","verde river at beeline highway","verde","verde @ beeline","3/7/2016","22","648","14",,,,,,,
661,"R13","AZ Canal below CAP Cross-connect","srp","az canal blw cap","3/7/2016","28","684","28",,,,,,,
662,"HOC","Head of the Consolidated Canal","srp","Head of the Consolidated Canal","3/7/2016","16","648","0",,,,,,,
663,"MOC","Middle of the Consolidated Canal","srp","Middle of the Consolidated Canal","3/7/2016","13","656","25",,,,,,,
664,"HTC","Head of the Tempe Canal","tempe","head of tempe canal","3/7/2016","20","664","5",,,,,,,
665,"Hwy 87","AZ Canal at Highway 87","srp","az canal @ hwy 87","4/4/2016","11","928","41","Counted samples after 2 week incubation ",,,,,,
666,"SOCA","South Canal below CAP Cross-conect","srp","South canal below CAP","4/4/2016","22","1040","NCDC",,,,,,,
667,"R11","CAP Canal at Cross-connect","cap","cap @ x con","4/4/2016","1","2132","12",,,,,,,
668,"R22","AZ Canal - 56th St. (Alma School Road)","srp","az canal @ 56th st.","4/4/2016","10","852","6",,,,,,,
669,"R21","AZ Canal at Central Av.","srp","az canal @ central ave.","4/4/2016","15","1288","5",,,,,,,
670,"Pima","AZ Canal at Pima Rd.","srp","az canal @ pima","4/4/2016","2","732","4",,,,,,,
671,"R12","AZ Canal above CAP Cross-connect","srp","az canal inflow","4/4/2016","18","1324","5",,,,,,,
672,"R3","Waddell Canal","cap","waddell canal","4/4/2016","2","356","4",,,,,,,
673,"R25","verde river at beeline highway","verde","verde @ beeline","4/4/2016","35","700","NCDC",,,,,,,
674,"R13","AZ Canal below CAP Cross-connect","srp","az canal blw cap","4/4/2016","13","1220","14",,,,,,,
675,"HOC","Head of the Consolidated Canal","srp","Head of the Consolidated Canal","4/4/2016","21","868","29",,,,,,,
676,"MOC","Middle of the Consolidated Canal","srp","Middle of the Consolidated Canal","4/4/2016","27","928","4",,,,,,,
677,"HTC","Head of the Tempe Canal","tempe","head of tempe canal","4/4/2016","28","864","24",,,,,,,
678,"Hwy 87","AZ Canal at Highway 87","srp","az canal @ hwy 87","5/2/2016","7","1868","6","Counted samples after 2 week incubation ",,,,,,
679,"SOCA","South Canal below CAP Cross-conect","srp","South canal below CAP","5/2/2016","6","792","24",,,,,,,
680,"R11","CAP Canal at Cross-connect","cap","cap @ x con","5/2/2016","9","448","0",,,,,,,
681,"R22","AZ Canal - 56th St. (Alma School Road)","srp","az canal @ 56th st.","5/2/2016","29","684","4",,,,,,,
682,"R21","AZ Canal at Central Av.","srp","az canal @ central ave.","5/2/2016","44","508","1",,,,,,,
683,"Pima","AZ Canal at Pima Rd.","srp","az canal @ pima","5/2/2016","6","852","3",,,,,,,
684,"R12","AZ Canal above CAP Cross-connect","srp","az canal inflow","5/2/2016","6","784","10",,,,,,,
685,"R3","Waddell Canal","cap","waddell canal","5/2/2016","6","1360","0",,,,,,,
686,"R25","verde river at beeline highway","verde","verde @ beeline","5/2/2016","840","308","30",,,,,,,
687,"R13","AZ Canal below CAP Cross-connect","srp","az canal blw cap","5/2/2016","6","636","7",,,,,,,
688,"HOC","Head of the Consolidated Canal","srp","Head of the Consolidated Canal","5/2/2016","42","692","2",,,,,,,
689,"MOC","Middle of the Consolidated Canal","srp","Middle of the Consolidated Canal","5/2/2016","40","700","5",,,,,,,
690,"HTC","Head of the Tempe Canal","tempe","head of tempe canal","5/2/2016","27","576","2",,,,,,,
691,"Hwy 87","AZ Canal at Highway 87","srp","az canal @ hwy 87","6/6/2016","5","2008",,"Counted samples after 2 week incubation ",,,,,,
692,"SOCA","South Canal below CAP Cross-conect","srp","South canal below CAP","6/6/2016","10","1936",,,,,,,,
693,"R11","CAP Canal at Cross-connect","cap","cap @ x con","6/6/2016","17","1300",,,,,,,,
694,"R22","AZ Canal - 56th St. (Alma School Road)","srp","az canal @ 56th st.","6/6/2016","15","1340",,,,,,,,
695,"R21","AZ Canal at Central Av.","srp","az canal @ central ave.","6/6/2016","91","1100",,,,,,,,
696,"Pima","AZ Canal at Pima Rd.","srp","az canal @ pima","6/6/2016","2","648",,,,,,,,
697,"R12","AZ Canal above CAP Cross-connect","srp","az canal inflow","6/6/2016","6","1704",,,,,,,,
698,"R3","Waddell Canal","cap","waddell canal","6/6/2016","0","660",,,,,,,,
699,"R25","verde river at beeline highway","verde","verde @ beeline","6/6/2016","1","1312",,,,,,,,
700,"R13","AZ Canal below CAP Cross-connect","srp","az canal blw cap","6/6/2016","17","1684",,,,,,,,
701,"HOC","Head of the Consolidated Canal","srp","Head of the Consolidated Canal","6/6/2016","8","1528",,,,,,,,
702,"MOC","Middle of the Consolidated Canal","srp","Middle of the Consolidated Canal","6/6/2016","15","1748",,,,,,,,
703,"HTC","Head of the Tempe Canal","tempe","head of tempe canal","6/6/2016","10","1776",,,,,,,,
704,"Hwy 87","AZ Canal at Highway 87","srp","az canal @ hwy 87","7/11/2016",,,,,,,,,,
705,"SOCA","South Canal below CAP Cross-conect","srp","South canal below CAP","7/11/2016",,,,,,,,,,
706,"R11","CAP Canal at Cross-connect","cap","cap @ x con","7/11/2016",,,,,,,,,,
707,"R22","AZ Canal - 56th St. (Alma School Road)","srp","az canal @ 56th st.","7/11/2016",,,,,,,,,,
708,"R21","AZ Canal at Central Av.","srp","az canal @ central ave.","7/11/2016",,,,,,,,,,
709,"Pima","AZ Canal at Pima Rd.","srp","az canal @ pima","7/11/2016",,,,,,,,,,
710,"R12","AZ Canal above CAP Cross-connect","srp","az canal inflow","7/11/2016",,,,,,,,,,
711,"R3","Waddell Canal","cap","waddell canal","7/11/2016",,,,,,,,,,
712,"R25","verde river at beeline highway","verde","verde @ beeline","7/11/2016",,,,,,,,,,
713,"R13","AZ Canal below CAP Cross-connect","srp","az canal blw cap","7/11/2016",,,,,,,,,,
714,"HOC","Head of the Consolidated Canal","srp","Head of the Consolidated Canal","7/11/2016",,,,,,,,,,
715,"MOC","Middle of the Consolidated Canal","srp","Middle of the Consolidated Canal","7/11/2016",,,,,,,,,,
716,"HTC","Head of the Tempe Canal","tempe","head of tempe canal","7/11/2016",,,,,,,,,,
717,"Hwy 87","AZ Canal at Highway 87","srp","az canal @ hwy 87","8/1/2016",,,,,,,,,,
718,"SOCA","South Canal below CAP Cross-conect","srp","South canal below CAP","8/1/2016",,,,,,,,,,
719,"R11","CAP Canal at Cross-connect","cap","cap @ x con","8/1/2016",,,,,,,,,,
720,"R22","AZ Canal - 56th St. (Alma School Road)","srp","az canal @ 56th st.","8/1/2016",,,,,,,,,,
721,"R21","AZ Canal at Central Av.","srp","az canal @ central ave.","8/1/2016",,,,,,,,,,
722,"Pima","AZ Canal at Pima Rd.","srp","az canal @ pima","8/1/2016",,,,,,,,,,
723,"R12","AZ Canal above CAP Cross-connect","srp","az canal inflow","8/1/2016",,,,,,,,,,
724,"R3","Waddell Canal","cap","waddell canal","8/1/2016",,,,,,,,,,
725,"R25","verde river at beeline highway","verde","verde @ beeline","8/1/2016",,,,,,,,,,
726,"R13","AZ Canal below CAP Cross-connect","srp","az canal blw cap","8/1/2016",,,,,,,,,,
727,"HOC","Head of the Consolidated Canal","srp","Head of the Consolidated Canal","8/1/2016",,,,,,,,,,
728,"MOC","Middle of the Consolidated Canal","srp","Middle of the Consolidated Canal","8/1/2016",,,,,,,,,,
729,"HTC","Head of the Tempe Canal","tempe","head of tempe canal","8/1/2016",,,,,,,,,,
730,"Hwy 87","AZ Canal at Highway 87","srp","az canal @ hwy 87","9/12/2016","13","1728","1","Counted samples after 2 week incubation ",,,,,,
731,"SOCA","South Canal below CAP Cross-conect","srp","South canal below CAP","9/12/2016","28","832","0",,,,,,,
732,"R11","CAP Canal at Cross-connect","cap","cap @ x con","9/12/2016","23","2112","0",,,,,,,
733,"R22","AZ Canal - 56th St. (Alma School Road)","srp","az canal @ 56th st.","9/12/2016","6","1168","2",,,,,,,
734,"R21","AZ Canal at Central Av.","srp","az canal @ central ave.","9/12/2016","33","928","1",,,,,,,
735,"Pima","AZ Canal at Pima Rd.","srp","az canal @ pima","9/12/2016","11","1184","9",,,,,,,
736,"R12","AZ Canal above CAP Cross-connect","srp","az canal inflow","9/12/2016","18","1832","15",,,,,,,
737,"R3","Waddell Canal","cap","waddell canal","9/12/2016","0","440","0",,,,,,,
738,"R25","verde river at beeline highway","verde","verde @ beeline","9/12/2016","92","1304","NCDC",,,,,,,
739,"R13","AZ Canal below CAP Cross-connect","srp","az canal blw cap","9/12/2016","31","1832","1",,,,,,,
740,"HOC","Head of the Consolidated Canal","srp","Head of the Consolidated Canal","9/12/2016","44","1072","4",,,,,,,
741,"MOC","Middle of the Consolidated Canal","srp","Middle of the Consolidated Canal","9/12/2016","17","1048","2",,,,,,,
742,"HTC","Head of the Tempe Canal","tempe","head of tempe canal","9/12/2016","34","936","4",,,,,,,
743,"Hwy 87","AZ Canal at Highway 87","srp","az canal @ hwy 87","10/3/2016","11","1136","2","Counted samples after 2 week incubation ",,,,,,
744,"SOCA","South Canal below CAP Cross-conect","srp","South canal below CAP","10/3/2016","48","1176","1",,,,,,,
745,"R11","CAP Canal at Cross-connect","cap","cap @ x con","10/3/2016","16","752","2",,,,,,,
746,"R22","AZ Canal - 56th St. (Alma School Road)","srp","az canal @ 56th st.","10/3/2016","10","1200","2",,,,,,,
747,"R21","AZ Canal at Central Av.","srp","az canal @ central ave.","10/3/2016","43","922","2",,,,,,,
748,"Pima","AZ Canal at Pima Rd.","srp","az canal @ pima","10/3/2016","0","1328","3",,,,,,,
749,"R12","AZ Canal above CAP Cross-connect","srp","az canal inflow","10/3/2016","22","984","4",,,,,,,
750,"R3","Waddell Canal","cap","waddell canal","10/3/2016","8","1304","2",,,,,,,
751,"R25","verde river at beeline highway","verde","verde @ beeline","10/3/2016","28","1168","NCDC",,,,,,,
752,"R13","AZ Canal below CAP Cross-connect","srp","az canal blw cap","10/3/2016","33","888","3",,,,,,,
753,"HOC","Head of the Consolidated Canal","srp","Head of the Consolidated Canal","10/3/2016","38","760","1",,,,,,,
754,"MOC","Middle of the Consolidated Canal","srp","Middle of the Consolidated Canal","10/3/2016","7","1144","1",,,,,,,
755,"HTC","Head of the Tempe Canal","tempe","head of tempe canal","10/3/2016","34","968","0",,,,,,,
756,"Hwy 87","AZ Canal at Highway 87","srp","az canal @ hwy 87","11/7/2016","10","1368",,"Counted samples after 2 week incubation ",,,,,,
757,"SOCA","South Canal below CAP Cross-conect","srp","South canal below CAP","11/7/2016","69","760",,,,,,,,
758,"R11","CAP Canal at Cross-connect","cap","cap @ x con","11/7/2016","1","1288",,,,,,,,
759,"R22","AZ Canal - 56th St. (Alma School Road)","srp","az canal @ 56th st.","11/7/2016","6","872",,,,,,,,
760,"R21","AZ Canal at Central Av.","srp","az canal @ central ave.","11/7/2016","43","832",,,,,,,,
761,"Pima","AZ Canal at Pima Rd.","srp","az canal @ pima","11/7/2016","2","1432",,,,,,,,
762,"R12","AZ Canal above CAP Cross-connect","srp","az canal inflow","11/7/2016","3","1424",,,,,,,,
763,"R3","Waddell Canal","cap","waddell canal","11/7/2016","11","1184",,,,,,,,
764,"R25","verde river at beeline highway","verde","verde @ beeline","11/7/2016","55","952",,,,,,,,
765,"R13","AZ Canal below CAP Cross-connect","srp","az canal blw cap","11/7/2016","27","1544",,,,,,,,
766,"HOC","Head of the Consolidated Canal","srp","Head of the Consolidated Canal","11/7/2016","38","760",,,,,,,,
767,"MOC","Middle of the Consolidated Canal","srp","Middle of the Consolidated Canal","11/7/2016","32","1168",,,,,,,,
768,"HTC","Head of the Tempe Canal","tempe","head of tempe canal","11/7/2016","34","1064",,,,,,,,
769,"Hwy 87","AZ Canal at Highway 87","srp","az canal @ hwy 87","12/5/2016",,,"11","Counted samples after 2 week incubation ",,,,,,
770,"SOCA","South Canal below CAP Cross-conect","srp","South canal below CAP","12/5/2016",,,"39",,,,,,,
771,"R11","CAP Canal at Cross-connect","cap","cap @ x con","12/5/2016",,,"0",,,,,,,
772,"R22","AZ Canal - 56th St. (Alma School Road)","srp","az canal @ 56th st.","12/5/2016",,,"6",,,,,,,
773,"R21","AZ Canal at Central Av.","srp","az canal @ central ave.","12/5/2016",,,"7",,,,,,,
774,"Pima","AZ Canal at Pima Rd.","srp","az canal @ pima","12/5/2016",,,"3",,,,,,,
775,"R12","AZ Canal above CAP Cross-connect","srp","az canal inflow","12/5/2016",,,"9",,,,,,,
776,"R3","Waddell Canal","cap","waddell canal","12/5/2016",,,"0",,,,,,,
777,"R25","verde river at beeline highway","verde","verde @ beeline","12/5/2016",,,"NCDC",,,,,,,
778,"R13","AZ Canal below CAP Cross-connect","srp","az canal blw cap","12/5/2016",,,"NCDC",,,,,,,
779,"HOC","Head of the Consolidated Canal","srp","Head of the Consolidated Canal","12/5/2016",,,"0",,,,,,,
780,"MOC","Middle of the Consolidated Canal","srp","Middle of the Consolidated Canal","12/5/2016",,,"0",,,,,,,
781,"HTC","Head of the Tempe Canal","tempe","head of tempe canal","12/5/2016",,,"N/A",,,,,,,
782,"Hwy 87","AZ Canal at Highway 87","srp","az canal @ hwy 87","1/2/2017","3","576","2","Counted samples after 2 week incubation ",,,,,,
783,"SOCA","South Canal below CAP Cross-conect","srp","South canal below CAP","1/2/2017",,,,,,,,,,
784,"R11","CAP Canal at Cross-connect","cap","cap @ x con","1/2/2017","22","888","0",,,,,,,
785,"R22","AZ Canal - 56th St. (Alma School Road)","srp","az canal @ 56th st.","1/2/2017","25","744","0",,,,,,,
786,"R21","AZ Canal at Central Av.","srp","az canal @ central ave.","1/2/2017","54","800","0",,,,,,,
787,"Pima","AZ Canal at Pima Rd.","srp","az canal @ pima","1/2/2017","1","944","3",,,,,,,
788,"R12","AZ Canal above CAP Cross-connect","srp","az canal inflow","1/2/2017","19","1048","0",,,,,,,
789,"R3","Waddell Canal","cap","waddell canal","1/2/2017","2","968","0",,,,,,,
790,"R25","verde river at beeline highway","verde","verde @ beeline","1/2/2017","41","696","88",,,,,,,
791,"R13","AZ Canal below CAP Cross-connect","srp","az canal blw cap","1/2/2017","43","928","14",,,,,,,
792,"HOC","Head of the Consolidated Canal","srp","Head of the Consolidated Canal","1/2/2017","94","640","100",,,,,,,
793,"MOC","Middle of the Consolidated Canal","srp","Middle of the Consolidated Canal","1/2/2017","15","648","0",,,,,,,
794,"HTC","Head of the Tempe Canal","tempe","head of tempe canal","1/2/2017",,,"96",,,,,,,
795,"Hwy 87","AZ Canal at Highway 87","srp","az canal @ hwy 87","2/6/2017","9","752","22","Counted samples after 2 week incubation ",,,,,,
796,"SOCA","South Canal below CAP Cross-conect","srp","South canal below CAP","2/6/2017",,,,,,,,,,
797,"R11","CAP Canal at Cross-connect","cap","cap @ x con","2/6/2017",,,,,,,,,,
798,"R22","AZ Canal - 56th St. (Alma School Road)","srp","az canal @ 56th st.","2/6/2017","36","784","6",,,,,,,
799,"R21","AZ Canal at Central Av.","srp","az canal @ central ave.","2/6/2017","66","1184","3",,,,,,,
800,"Pima","AZ Canal at Pima Rd.","srp","az canal @ pima","2/6/2017","6","1128","4",,,,,,,
801,"R12","AZ Canal above CAP Cross-connect","srp","az canal inflow","2/6/2017","4","1032","3",,,,,,,
802,"R3","Waddell Canal","cap","waddell canal","2/6/2017","1","336","2",,,,,,,
803,"R25","verde river at beeline highway","verde","verde @ beeline","2/6/2017","19","912","NCDC",,,,,,,
804,"R13","AZ Canal below CAP Cross-connect","srp","az canal blw cap","2/6/2017","14","904","NCDC",,,,,,,
805,"HOC","Head of the Consolidated Canal","srp","Head of the Consolidated Canal","2/6/2017","8","1336","14",,,,,,,
806,"MOC","Middle of the Consolidated Canal","srp","Middle of the Consolidated Canal","2/6/2017","49","1072","9",,,,,,,
807,"HTC","Head of the Tempe Canal","tempe","head of tempe canal","2/6/2017","7","1016","3",,,,,,,
808,"Hwy 87","AZ Canal at Highway 87","srp","az canal @ hwy 87","3/6/2017",,,,"Counted samples after 2 week incubation ",,,,,,
809,"SOCA","South Canal below CAP Cross-conect","srp","South canal below CAP","3/6/2017","33","856","NCDC",,,,,,,
810,"R11","CAP Canal at Cross-connect","cap","cap @ x con","3/6/2017",,,,,,,,,,
811,"R22","AZ Canal - 56th St. (Alma School Road)","srp","az canal @ 56th st.","3/6/2017","16","1280","13",,,,,,,
812,"R21","AZ Canal at Central Av.","srp","az canal @ central ave.","3/6/2017","170","536","5",,,,,,,
813,"Pima","AZ Canal at Pima Rd.","srp","az canal @ pima","3/6/2017","13","848","18",,,,,,,
814,"R12","AZ Canal above CAP Cross-connect","srp","az canal inflow","3/6/2017",,,,,,,,,,
815,"R3","Waddell Canal","cap","waddell canal","3/6/2017","1","312","0",,,,,,,
816,"R25","verde river at beeline highway","verde","verde @ beeline","3/6/2017","9","808","23",,,,,,,
817,"R13","AZ Canal below CAP Cross-connect","srp","az canal blw cap","3/6/2017",,,,,,,,,,
818,"HOC","Head of the Consolidated Canal","srp","Head of the Consolidated Canal","3/6/2017","19","1024","NCDC",,,,,,,
819,"MOC","Middle of the Consolidated Canal","srp","Middle of the Consolidated Canal","3/6/2017","25","1080","NCDC",,,,,,,
820,"HTC","Head of the Tempe Canal","tempe","head of tempe canal","3/6/2017","12","912","15",,,,,,,
821,"Hwy 87","AZ Canal at Highway 87","srp","az canal @ hwy 87","4/3/2017","10","912","57","Counted samples after 2 week incubation ",,,,,,
822,"SOCA","South Canal below CAP Cross-conect","srp","South canal below CAP","4/3/2017","12","800","NCDC",,,,,,,
823,"R11","CAP Canal at Cross-connect","cap","cap @ x con","4/3/2017","8","1124","6",,,,,,,
824,"R22","AZ Canal - 56th St. (Alma School Road)","srp","az canal @ 56th st.","4/3/2017","16","712","29",,,,,,,
825,"R21","AZ Canal at Central Av.","srp","az canal @ central ave.","4/3/2017","37","984","92",,,,,,,
826,"Pima","AZ Canal at Pima Rd.","srp","az canal @ pima","4/3/2017","1","904","58",,,,,,,
827,"R12","AZ Canal above CAP Cross-connect","srp","az canal inflow","4/3/2017","11","1336","36",,,,,,,
828,"R3","Waddell Canal","cap","waddell canal","4/3/2017","0","952","0",,,,,,,
829,"R25","verde river at beeline highway","verde","verde @ beeline","4/3/2017","12","1304","55",,,,,,,
830,"R13","AZ Canal below CAP Cross-connect","srp","az canal blw cap","4/3/2017","13","992","29",,,,,,,
831,"HOC","Head of the Consolidated Canal","srp","Head of the Consolidated Canal","4/3/2017","9","1128","61",,,,,,,
832,"MOC","Middle of the Consolidated Canal","srp","Middle of the Consolidated Canal","4/3/2017","21","1000","NCDC",,,,,,,
833,"HTC","Head of the Tempe Canal","tempe","head of tempe canal","4/3/2017","5","1232","31",,,,,,,
834,"Hwy 87","AZ Canal at Highway 87","srp","az canal @ hwy 87","5/1/2017","7","952","87","Counted samples after 2 week incubation ",,,,,,
835,"SOCA","South Canal below CAP Cross-conect","srp","South canal below CAP","5/1/2017","26","896","43",,,,,,,
836,"R11","CAP Canal at Cross-connect","cap","cap @ x con","5/1/2017","12","1344","0",,,,,,,
837,"R22","AZ Canal - 56th St. (Alma School Road)","srp","az canal @ 56th st.","5/1/2017","7","968","83",,,,,,,
838,"R21","AZ Canal at Central Av.","srp","az canal @ central ave.","5/1/2017","339","456","99",,,,,,,
839,"Pima","AZ Canal at Pima Rd.","srp","az canal @ pima","5/1/2017","19","888","33",,,,,,,
840,"R12","AZ Canal above CAP Cross-connect","srp","az canal inflow","5/1/2017","16","1480","37",,,,,,,
841,"R3","Waddell Canal","cap","waddell canal","5/1/2017","4","1392","70",,,,,,,
842,"R25","verde river at beeline highway","verde","verde @ beeline","5/1/2017","10","1208","70",,,,,,,
843,"R13","AZ Canal below CAP Cross-connect","srp","az canal blw cap","5/1/2017","18","1072","NCDC",,,,,,,
844,"HOC","Head of the Consolidated Canal","srp","Head of the Consolidated Canal","5/1/2017","20","1136","29",,,,,,,
845,"MOC","Middle of the Consolidated Canal","srp","Middle of the Consolidated Canal","5/1/2017","58",,"60",,,,,,,
846,"HTC","Head of the Tempe Canal","tempe","head of tempe canal","5/1/2017","17","936","96",,,,,,,
847,"Hwy 87","AZ Canal at Highway 87","srp","az canal @ hwy 87","6/5/2017","13","984","26","Counted samples after 2 week incubation ",,,,,,
848,"SOCA","South Canal below CAP Cross-conect","srp","South canal below CAP","6/5/2017","26","1096","NCDC",,,,,,,
849,"R11","CAP Canal at Cross-connect","cap","cap @ x con","6/5/2017","10","1400","3",,,,,,,
850,"R22","AZ Canal - 56th St. (Alma School Road)","srp","az canal @ 56th st.","6/5/2017","8","904","4",,,,,,,
851,"R21","AZ Canal at Central Av.","srp","az canal @ central ave.","6/5/2017","36","1232","10",,,,,,,
852,"Pima","AZ Canal at Pima Rd.","srp","az canal @ pima","6/5/2017","1","1040","11",,,,,,,
853,"R12","AZ Canal above CAP Cross-connect","srp","az canal inflow","6/5/2017","15","976","0",,,,,,,
854,"R3","Waddell Canal","cap","waddell canal","6/5/2017","1","696","1",,,,,,,
855,"R25","verde river at beeline highway","verde","verde @ beeline","6/5/2017","64","856","50",,,,,,,
856,"R13","AZ Canal below CAP Cross-connect","srp","az canal blw cap","6/5/2017","13","736","14",,,,,,,
857,"HOC","Head of the Consolidated Canal","srp","Head of the Consolidated Canal","6/5/2017","19","1440","NCDC",,,,,,,
858,"MOC","Middle of the Consolidated Canal","srp","Middle of the Consolidated Canal","6/5/2017","22","1096","20",,,,,,,
859,"HTC","Head of the Tempe Canal","tempe","head of tempe canal","6/5/2017","11","1048","0",,,,,,,
860,"Hwy 87","AZ Canal at Highway 87","srp","az canal @ hwy 87","7/3/2017","11","1200","12","Counted samples after 2 week incubation ",,,,,,
861,"SOCA","South Canal below CAP Cross-conect","srp","South canal below CAP","7/3/2017","19","1040","16",,,,,,,
862,"R11","CAP Canal at Cross-connect","cap","cap @ x con","7/3/2017","10","744","0",,,,,,,
863,"R22","AZ Canal - 56th St. (Alma School Road)","srp","az canal @ 56th st.","7/3/2017","5","1048","35",,,,,,,
864,"R21","AZ Canal at Central Av.","srp","az canal @ central ave.","7/3/2017","93","1056","21",,,,,,,
865,"Pima","AZ Canal at Pima Rd.","srp","az canal @ pima","7/3/2017","3","872","5",,,,,,,
866,"R12","AZ Canal above CAP Cross-connect","srp","az canal inflow","7/3/2017","12","704","2",,,,,,,
867,"R3","Waddell Canal","cap","waddell canal","7/3/2017","1","600","16",,,,,,,
868,"R25","verde river at beeline highway","verde","verde @ beeline","7/3/2017","13","1440","36",,,,,,,
869,"R13","AZ Canal below CAP Cross-connect","srp","az canal blw cap","7/3/2017","11","1208","1",,,,,,,
870,"HOC","Head of the Consolidated Canal","srp","Head of the Consolidated Canal","7/3/2017","14","1136","28",,,,,,,
871,"MOC","Middle of the Consolidated Canal","srp","Middle of the Consolidated Canal","7/3/2017","1","1416","10",,,,,,,
872,"HTC","Head of the Tempe Canal","tempe","head of tempe canal","7/3/2017","12","1056","7",,,,,,,
873,"Hwy 87","AZ Canal at Highway 87","srp","az canal @ hwy 87","8/7/2017","22","1232","CONT","Counted Mycobacterium samples after 2 week incubation ",,,,,,
874,"SOCA","South Canal below CAP Cross-conect","srp","South canal below CAP","8/7/2017","50","1296","CONT",,,,,,,
875,"R11","CAP Canal at Cross-connect","cap","cap @ x con","8/7/2017","26","1176","10",,,,,,,
876,"R22","AZ Canal - 56th St. (Alma School Road)","srp","az canal @ 56th st.","8/7/2017","7","872","CONT",,,,,,,
877,"R21","AZ Canal at Central Av.","srp","az canal @ central ave.","8/7/2017","13","896","CONT",,,,,,,
878,"Pima","AZ Canal at Pima Rd.","srp","az canal @ pima","8/7/2017","26","1520","CONT",,,,,,,
879,"R12","AZ Canal above CAP Cross-connect","srp","az canal inflow","8/7/2017","21","1432","31",,,,,,,
880,"R3","Waddell Canal","cap","waddell canal","8/7/2017","0","1648","1",,,,,,,
881,"R25","verde river at beeline highway","verde","verde @ beeline","8/7/2017","23","752","12",,,,,,,
882,"R13","AZ Canal below CAP Cross-connect","srp","az canal blw cap","8/7/2017","41","1432","CONT",,,,,,,
883,"HOC","Head of the Consolidated Canal","srp","Head of the Consolidated Canal","8/7/2017","6","824","CONT",,,,,,,
884,"MOC","Middle of the Consolidated Canal","srp","Middle of the Consolidated Canal","8/7/2017","5","1208","CONT",,,,,,,
885,"HTC","Head of the Tempe Canal","tempe","head of tempe canal","8/7/2017","28","1072","CONT",,,,,,,
886,"Hwy 87","AZ Canal at Highway 87","srp","az canal @ hwy 87","9/4/2017","42","2024","3","Counted Mycobacterium samples after 2 week incubation ",,,,,,
887,"SOCA","South Canal below CAP Cross-conect","srp","South canal below CAP","9/4/2017","59","1200","7",,,,,,,
888,"R11","CAP Canal at Cross-connect","cap","cap @ x con","9/4/2017","9","2560","0",,,,,,,
889,"R22","AZ Canal - 56th St. (Alma School Road)","srp","az canal @ 56th st.","9/4/2017","9","1448","4",,,,,,,
890,"R21","AZ Canal at Central Av.","srp","az canal @ central ave.","9/4/2017","44","1224","3",,,,,,,
891,"Pima","AZ Canal at Pima Rd.","srp","az canal @ pima","9/4/2017","13","1568","6",,,,,,,
892,"R12","AZ Canal above CAP Cross-connect","srp","az canal inflow","9/4/2017","13","2496","2",,,,,,,
893,"R3","Waddell Canal","cap","waddell canal","9/4/2017","3","1200","0",,,,,,,
894,"R25","verde river at beeline highway","verde","verde @ beeline","9/4/2017","27","824","6",,,,,,,
1138,"R3","Waddell Canal","cap","waddell canal","2/25/2019","132","172","5",,,,,,,
1139,"R25","verde river at beeline highway","verde","verde @ beeline","2/25/2019","72","808","76",,,,,,,
1140,"R13","AZ Canal below CAP Cross-connect","srp","az canal blw cap","2/25/2019","48","258",,,,,,,,
1141,"HOC","Head of the Consolidated Canal","srp","Head of the Consolidated Canal","2/25/2019","52","186",,,,,,,,
1142,"MOC","Middle of the Consolidated Canal","srp","Middle of the Consolidated Canal","2/25/2019","44","376","136",,,,,,,
1143,"HTC","Head of the Tempe Canal","tempe","head of tempe canal","2/25/2019","40","144","32",,,,,,,
1144,"Hwy 87","AZ Canal at Highway 87","srp","az canal @ hwy 87","3/25/2019",,,,"Counted Mycobacterium samples after 2 week incubation ",,,,,,
1145,"SOCA","South Canal below CAP Cross-conect","srp","South canal below CAP","3/25/2019","32","364","94",,,,,,,
1146,"R11","CAP Canal at Cross-connect","cap","cap @ x con","3/25/2019",,,,,,,,,,
1147,"R22","AZ Canal - 56th St. (Alma School Road)","srp","az canal @ 56th st.","3/25/2019","132",,,,,,,,,
1148,"R21","AZ Canal at Central Av.","srp","az canal @ central ave.","3/25/2019","212",,"42",,,,,,,
1149,"Pima","AZ Canal at Pima Rd.","srp","az canal @ pima","3/25/2019",,,"43",,,,,,,
1150,"R12","AZ Canal above CAP Cross-connect","srp","az canal inflow","3/25/2019",,,,,,,,,,
1151,"R3","Waddell Canal","cap","waddell canal","3/25/2019","10","720",,,,,,,,
1152,"R25","verde river at beeline highway","verde","verde @ beeline","3/25/2019","168","124",,,,,,,,
1153,"R13","AZ Canal below CAP Cross-connect","srp","az canal blw cap","3/25/2019",,,"84",,,,,,,
1154,"HOC","Head of the Consolidated Canal","srp","Head of the Consolidated Canal","3/25/2019","152","196","22",,,,,,,
1155,"MOC","Middle of the Consolidated Canal","srp","Middle of the Consolidated Canal","3/25/2019",,,,,,,,,,
1156,"HTC","Head of the Tempe Canal","tempe","head of tempe canal","3/25/2019","136","406","15",,,,,,,
1157,"Hwy 87","AZ Canal at Highway 87","srp","az canal @ hwy 87","4/15/2019",,,,"Counted Mycobacterium samples after 2 week incubation ",,,,,,
1158,"SOCA","South Canal below CAP Cross-conect","srp","South canal below CAP","4/15/2019",,"249",,,,,,,,
1159,"R11","CAP Canal at Cross-connect","cap","cap @ x con","4/15/2019","84","174",,,,,,,,
1160,"R22","AZ Canal - 56th St. (Alma School Road)","srp","az canal @ 56th st.","4/15/2019","124","413",,,,,,,,
1161,"R21","AZ Canal at Central Av.","srp","az canal @ central ave.","4/15/2019","123",,,,,,,,,
1162,"Pima","AZ Canal at Pima Rd.","srp","az canal @ pima","4/15/2019","101","169",,,,,,,,
1163,"R12","AZ Canal above CAP Cross-connect","srp","az canal inflow","4/15/2019","153","285",,,,,,,,
1164,"R3","Waddell Canal","cap","waddell canal","4/15/2019",,"72",,,,,,,,
1165,"R25","verde river at beeline highway","verde","verde @ beeline","4/15/2019","185","112",,,,,,,,
1166,"R13","AZ Canal below CAP Cross-connect","srp","az canal blw cap","4/15/2019","96","184",,,,,,,,
1167,"HOC","Head of the Consolidated Canal","srp","Head of the Consolidated Canal","4/15/2019","46","89",,,,,,,,
1168,"MOC","Middle of the Consolidated Canal","srp","Middle of the Consolidated Canal","4/15/2019",,"56",,,,,,,,
1169,"HTC","Head of the Tempe Canal","tempe","head of tempe canal","4/15/2019",,,,,,,,,,
1170,"Hwy 87","AZ Canal at Highway 87","srp","az canal @ hwy 87","5/7/2019","37",,"43","Counted Mycobacterium samples after 2 week incubation ",,,,,,
1171,"SOCA","South Canal below CAP Cross-conect","srp","South canal below CAP","5/7/2019","24","629","18",,,,,,,
1172,"R11","CAP Canal at Cross-connect","cap","cap @ x con","5/7/2019","16","863","32",,,,,,,
1173,"R22","AZ Canal - 56th St. (Alma School Road)","srp","az canal @ 56th st.","5/7/2019","20","859","42",,,,,,,
1174,"R21","AZ Canal at Central Av.","srp","az canal @ central ave.","5/7/2019","28","1184","14",,,,,,,
1175,"Pima","AZ Canal at Pima Rd.","srp","az canal @ pima","5/7/2019","25",,"13",,,,,,,
1176,"R12","AZ Canal above CAP Cross-connect","srp","az canal inflow","5/7/2019",,,"41",,,,,,,
1177,"R3","Waddell Canal","cap","waddell canal","5/7/2019",,"562","TFTC",,,,,,,
1178,"R25","verde river at beeline highway","verde","verde @ beeline","5/7/2019","19","972","22",,,,,,,
1179,"R13","AZ Canal below CAP Cross-connect","srp","az canal blw cap","5/7/2019",,"458","69",,,,,,,
1180,"HOC","Head of the Consolidated Canal","srp","Head of the Consolidated Canal","5/7/2019","31","986","35",,,,,,,
1181,"MOC","Middle of the Consolidated Canal","srp","Middle of the Consolidated Canal","5/7/2019","26","1093","84",,,,,,,
1182,"HTC","Head of the Tempe Canal","tempe","head of tempe canal","5/7/2019","25","971","54",,,,,,,
1183,"Hwy 87","AZ Canal at Highway 87","srp","az canal @ hwy 87","6/13/2019","26","613","TFTC","Counted Mycobacterium samples after 2 week incubation ",,,,,,
1184,"SOCA","South Canal below CAP Cross-conect","srp","South canal below CAP","6/13/2019","42","1253","56",,,,,,,
1185,"R11","CAP Canal at Cross-connect","cap","cap @ x con","6/13/2019","29","1001","TFTC",,,,,,,
1186,"R22","AZ Canal - 56th St. (Alma School Road)","srp","az canal @ 56th st.","6/13/2019",,"1142","TFTC",,,,,,,
1187,"R21","AZ Canal at Central Av.","srp","az canal @ central ave.","6/13/2019","23","714","14",,,,,,,
1188,"Pima","AZ Canal at Pima Rd.","srp","az canal @ pima","6/13/2019","16","836","13",,,,,,,
1189,"R12","AZ Canal above CAP Cross-connect","srp","az canal inflow","6/13/2019","23","967","TFTC",,,,,,,
1190,"R3","Waddell Canal","cap","waddell canal","6/13/2019",,"472","TFTC",,,,,,,
1191,"R25","verde river at beeline highway","verde","verde @ beeline","6/13/2019","19","972","86",,,,,,,
1192,"R13","AZ Canal below CAP Cross-connect","srp","az canal blw cap","6/13/2019","20","753","69",,,,,,,
1193,"HOC","Head of the Consolidated Canal","srp","Head of the Consolidated Canal","6/13/2019","46",,"35",,,,,,,
1194,"MOC","Middle of the Consolidated Canal","srp","Middle of the Consolidated Canal","6/13/2019","25","847","21",,,,,,,
1195,"HTC","Head of the Tempe Canal","tempe","head of tempe canal","6/13/2019","19",,"48",,,,,,,
1196,"Hwy 87","AZ Canal at Highway 87","srp","az canal @ hwy 87","7/22/2019",,,,"Counted Mycobacterium samples after 2 week incubation ",,,,,,
1197,"SOCA","South Canal below CAP Cross-conect","srp","South canal below CAP","7/22/2019",,,,,,,,,,
1198,"R11","CAP Canal at Cross-connect","cap","cap @ x con","7/22/2019",,,,,,,,,,
1199,"R22","AZ Canal - 56th St. (Alma School Road)","srp","az canal @ 56th st.","7/22/2019",,,"14",,,,,,,
1200,"R21","AZ Canal at Central Av.","srp","az canal @ central ave.","7/22/2019","27","273","29",,,,,,,
1201,"Pima","AZ Canal at Pima Rd.","srp","az canal @ pima","7/22/2019","12","348","19",,,,,,,
1202,"R12","AZ Canal above CAP Cross-connect","srp","az canal inflow","7/22/2019",,,,,,,,,,
1203,"R3","Waddell Canal","cap","waddell canal","7/22/2019","14","620",,,,,,,,
1204,"R25","verde river at beeline highway","verde","verde @ beeline","7/22/2019",,,,,,,,,,
1205,"R13","AZ Canal below CAP Cross-connect","srp","az canal blw cap","7/22/2019",,,,,,,,,,
1206,"HOC","Head of the Consolidated Canal","srp","Head of the Consolidated Canal","7/22/2019","34","1189","32",,,,,,,
1207,"MOC","Middle of the Consolidated Canal","srp","Middle of the Consolidated Canal","7/22/2019","25","532","39",,,,,,,
1208,"HTC","Head of the Tempe Canal","tempe","head of tempe canal","7/22/2019","18","456","28",,,,,,,
1209,"Hwy 87","AZ Canal at Highway 87","srp","az canal @ hwy 87","8/19/2019","11","672",,"Counted Mycobacterium samples after 2 week incubation ",,,,,,
1210,"SOCA","South Canal below CAP Cross-conect","srp","South canal below CAP","8/19/2019","16","546",,,,,,,,
1211,"R11","CAP Canal at Cross-connect","cap","cap @ x con","8/19/2019","18","931",,,,,,,,
1212,"R22","AZ Canal - 56th St. (Alma School Road)","srp","az canal @ 56th st.","8/19/2019","5","468",,,,,,,,
1213,"R21","AZ Canal at Central Av.","srp","az canal @ central ave.","8/19/2019","10","582",,,,,,,,
1214,"Pima","AZ Canal at Pima Rd.","srp","az canal @ pima","8/19/2019","11","512",,,,,,,,
1215,"R12","AZ Canal above CAP Cross-connect","srp","az canal inflow","8/19/2019","28","762",,,,,,,,
1216,"R3","Waddell Canal","cap","waddell canal","8/19/2019","3",,,,,,,,,
1217,"R25","verde river at beeline highway","verde","verde @ beeline","8/19/2019","16","648",,,,,,,,
1218,"R13","AZ Canal below CAP Cross-connect","srp","az canal blw cap","8/19/2019","24","448",,,,,,,,
1219,"HOC","Head of the Consolidated Canal","srp","Head of the Consolidated Canal","8/19/2019","12","869",,,,,,,,
1220,"MOC","Middle of the Consolidated Canal","srp","Middle of the Consolidated Canal","8/19/2019","9","452",,,,,,,,
1221,"HTC","Head of the Tempe Canal","tempe","head of tempe canal","8/19/2019","12","732",,,,,,,,
1222,"Hwy 87","AZ Canal at Highway 87","srp","az canal @ hwy 87","9/24/2019","76",,"18","Counted Mycobacterium samples after 2 week incubation ",,,,,,
1223,"SOCA","South Canal below CAP Cross-conect","srp","South canal below CAP","9/24/2019","243","700","12",,,,,,,
1224,"R11","CAP Canal at Cross-connect","cap","cap @ x con","9/24/2019","63","564","TFTC",,,,,,,
1225,"R22","AZ Canal - 56th St. (Alma School Road)","srp","az canal @ 56th st.","9/24/2019","42","768","11",,,,,,,
1226,"R21","AZ Canal at Central Av.","srp","az canal @ central ave.","9/24/2019",,"45","TFTC",,,,,,,
1227,"Pima","AZ Canal at Pima Rd.","srp","az canal @ pima","9/24/2019","32",,"26",,,,,,,
1228,"R12","AZ Canal above CAP Cross-connect","srp","az canal inflow","9/24/2019","76","567","TFTC",,,,,,,
1229,"R3","Waddell Canal","cap","waddell canal","9/24/2019","64","437","TFTC",,,,,,,
1230,"R25","verde river at beeline highway","verde","verde @ beeline","9/24/2019",,,,,,,,,,
1231,"R13","AZ Canal below CAP Cross-connect","srp","az canal blw cap","9/24/2019",,"621","21",,,,,,,
1232,"HOC","Head of the Consolidated Canal","srp","Head of the Consolidated Canal","9/24/2019","35","684","19",,,,,,,
1233,"MOC","Middle of the Consolidated Canal","srp","Middle of the Consolidated Canal","9/24/2019","29","541","8",,,,,,,
1234,"HTC","Head of the Tempe Canal","tempe","head of tempe canal","9/24/2019",,"823","14",,,,,,,
1235,"Hwy 87","AZ Canal at Highway 87","srp","az canal @ hwy 87","10/21/2019","77","486","33","Counted Mycobacterium samples after 2 week incubation ",,,,,,
1236,"SOCA","South Canal below CAP Cross-conect","srp","South canal below CAP","10/21/2019","78",,"46",,,,,,,
1237,"R11","CAP Canal at Cross-connect","cap","cap @ x con","10/21/2019","42","332",,,,,,,,
1238,"R22","AZ Canal - 56th St. (Alma School Road)","srp","az canal @ 56th st.","10/21/2019","83","674","36",,,,,,,
1239,"R21","AZ Canal at Central Av.","srp","az canal @ central ave.","10/21/2019","26","468","TNTC",,,,,,,
1240,"Pima","AZ Canal at Pima Rd.","srp","az canal @ pima","10/21/2019","43",,"43",,,,,,,
1241,"R12","AZ Canal above CAP Cross-connect","srp","az canal inflow","10/21/2019","57","386","56",,,,,,,
1242,"R3","Waddell Canal","cap","waddell canal","10/21/2019","243","213","TFTC",,,,,,,
1243,"R25","verde river at beeline highway","verde","verde @ beeline","10/21/2019",,,,,,,,,,
1244,"R13","AZ Canal below CAP Cross-connect","srp","az canal blw cap","10/21/2019","375","354","61",,,,,,,
1245,"HOC","Head of the Consolidated Canal","srp","Head of the Consolidated Canal","10/21/2019","47","632","34",,,,,,,
1246,"MOC","Middle of the Consolidated Canal","srp","Middle of the Consolidated Canal","10/21/2019",,"224","20",,,,,,,
1247,"HTC","Head of the Tempe Canal","tempe","head of tempe canal","10/21/2019","16","712",,,,,,,,
1248,"Hwy 87","AZ Canal at Highway 87","srp","az canal @ hwy 87","11/25/2019","31","329","65","Counted Mycobacterium samples after 2 week incubation ",,,,,,
1249,"SOCA","South Canal below CAP Cross-conect","srp","South canal below CAP","11/25/2019","187","264","TFTC",,,,,,,
1250,"R11","CAP Canal at Cross-connect","cap","cap @ x con","11/25/2019",,,,,,,,,,
1251,"R22","AZ Canal - 56th St. (Alma School Road)","srp","az canal @ 56th st.","11/25/2019","42","336","78",,,,,,,
1252,"R21","AZ Canal at Central Av.","srp","az canal @ central ave.","11/25/2019","67",,"14",,,,,,,
1253,"Pima","AZ Canal at Pima Rd.","srp","az canal @ pima","11/25/2019","23","317","9",,,,,,,
1254,"R12","AZ Canal above CAP Cross-connect","srp","az canal inflow","11/25/2019","47","541","36",,,,,,,
1255,"R3","Waddell Canal","cap","waddell canal","11/25/2019",,"765","11",,,,,,,
1256,"R25","verde river at beeline highway","verde","verde @ beeline","11/25/2019",,,"14",,,,,,,
1257,"R13","AZ Canal below CAP Cross-connect","srp","az canal blw cap","11/25/2019","236","147","TFTC",,,,,,,
1258,"HOC","Head of the Consolidated Canal","srp","Head of the Consolidated Canal","11/25/2019","14","218","63",,,,,,,
1259,"MOC","Middle of the Consolidated Canal","srp","Middle of the Consolidated Canal","11/25/2019",,,"25",,,,,,,
1260,"HTC","Head of the Tempe Canal","tempe","head of tempe canal","11/25/2019",,,"6",,,,,,,
1261,"Hwy 87","AZ Canal at Highway 87","srp","az canal @ hwy 87","12/16/2019","186","365","65","Counted Mycobacterium samples after 2 week incubation ",,,,,,
1263,"R11","CAP Canal at Cross-connect","cap","cap @ x con","12/16/2019",,,,,,,,,,
1264,"R22","AZ Canal - 56th St. (Alma School Road)","srp","az canal @ 56th st.","12/16/2019","31","424","78",,,,,,,
1265,"R21","AZ Canal at Central Av.","srp","az canal @ central ave.","12/16/2019","112","476","14",,,,,,,
1266,"Pima","AZ Canal at Pima Rd.","srp","az canal @ pima","12/16/2019",,,"9",,,,,,,
1267,"R12","AZ Canal above CAP Cross-connect","srp","az canal inflow","12/16/2019","75","476","36",,,,,,,
1269,"R25","verde river at beeline highway","verde","verde @ beeline","12/16/2019","107","636","14",,,,,,,
1272,"MOC","Middle of the Consolidated Canal","srp","Middle of the Consolidated Canal","12/16/2019","97","398","25",,,,,,,
1274,"Hwy 87","AZ Canal at Highway 87","srp","az canal @ hwy 87","1/1/2020","200","620","72","Counted Mycobacterium samples after 2 week incubation ",,,,,,
1275,"SOCA","South Canal below CAP Cross-conect","srp","South canal below CAP","1/1/2020","480",,"43",,,,,,,
1276,"R11","CAP Canal at Cross-connect","cap","cap @ x con","1/1/2020","19","135","NR",,,,,,,
1277,"R22","AZ Canal - 56th St. (Alma School Road)","srp","az canal @ 56th st.","1/1/2020",,,"NR",,,,,,,
1278,"R21","AZ Canal at Central Av.","srp","az canal @ central ave.","1/1/2020","37","436","NR",,,,,,,
1279,"Pima","AZ Canal at Pima Rd.","srp","az canal @ pima","1/1/2020","70","480","98",,,,,,,
1280,"R12","AZ Canal above CAP Cross-connect","srp","az canal inflow","1/1/2020","23","156","56",,,,,,,
1281,"R3","Waddell Canal","cap","waddell canal","1/1/2020","13","310","8",,,,,,,
1282,"R25","verde river at beeline highway","verde","verde @ beeline","1/1/2020",,,"34",,,,,,,
1283,"R13","AZ Canal below CAP Cross-connect","srp","az canal blw cap","1/1/2020","220",,"23",,,,,,,
1284,"HOC","Head of the Consolidated Canal","srp","Head of the Consolidated Canal","1/1/2020",,,"NR",,,,,,,
1285,"MOC","Middle of the Consolidated Canal","srp","Middle of the Consolidated Canal","1/1/2020","21","190","NR",,,,,,,
1286,"HTC","Head of the Tempe Canal","tempe","head of tempe canal","1/1/2020","560","28","2",,,,,,,
1287,"Hwy 87","AZ Canal at Highway 87","srp","az canal @ hwy 87","5/1/2020","22","TNTC","7","Counted Mycobacterium samples after 2 week incubation ",,,,,,
1288,"SOCA","South Canal below CAP Cross-conect","srp","South canal below CAP","5/1/2020","41","TNTC","10",,,,,,,
1289,"R11","CAP Canal at Cross-connect","cap","cap @ x con","5/1/2020","8","TNTC","14",,,,,,,
1290,"R22","AZ Canal - 56th St. (Alma School Road)","srp","az canal @ 56th st.","5/1/2020","37","980","2",,,,,,,
1291,"R21","AZ Canal at Central Av.","srp","az canal @ central ave.","5/1/2020","36","342","18",,,,,,,
1292,"Pima","AZ Canal at Pima Rd.","srp","az canal @ pima","5/1/2020","15","130","19",,,,,,,
1293,"R12","AZ Canal above CAP Cross-connect","srp","az canal inflow","5/1/2020","16","TNTC","6",,,,,,,
1294,"R3","Waddell Canal","cap","waddell canal","5/1/2020","10","132","4",,,,,,,
1295,"R25","verde river at beeline highway","verde","verde @ beeline","5/1/2020","57","820","20",,,,,,,
1296,"R13","AZ Canal below CAP Cross-connect","srp","az canal blw cap","5/1/2020","21","611","8",,,,,,,
1297,"HOC","Head of the Consolidated Canal","srp","Head of the Consolidated Canal","5/1/2020","32","470","9",,,,,,,
1298,"MOC","Middle of the Consolidated Canal","srp","Middle of the Consolidated Canal","5/1/2020","42","247","11",,,,,,,
1299,"HTC","Head of the Tempe Canal","tempe","head of tempe canal","5/1/2020","35","722","27",,,,,,,
1300,"Hwy 87","AZ Canal at Highway 87","srp","az canal @ hwy 87","6/1/2020",,"TNTC","15","Counted Mycobacterium samples after 2 week incubation ",,,,,,
1301,"SOCA","South Canal below CAP Cross-conect","srp","South canal below CAP","6/1/2020","51","320","13",,,,,,,
1302,"R11","CAP Canal at Cross-connect","cap","cap @ x con","6/1/2020",,,"20",,,,,,,
1303,"R22","AZ Canal - 56th St. (Alma School Road)","srp","az canal @ 56th st.","6/1/2020","160","TNTC","9",,,,,,,
1304,"R21","AZ Canal at Central Av.","srp","az canal @ central ave.","6/1/2020","90","TNTC","17",,,,,,,
1305,"Pima","AZ Canal at Pima Rd.","srp","az canal @ pima","6/1/2020","26","492","25",,,,,,,
1306,"R12","AZ Canal above CAP Cross-connect","srp","az canal inflow","6/1/2020","31","391","17",,,,,,,
1307,"R3","Waddell Canal","cap","waddell canal","6/1/2020","46","300","25",,,,,,,
1308,"R25","verde river at beeline highway","verde","verde @ beeline","6/1/2020","47","120","19",,,,,,,
1309,"R13","AZ Canal below CAP Cross-connect","srp","az canal blw cap","6/1/2020","75","420","21",,,,,,,
1310,"HOC","Head of the Consolidated Canal","srp","Head of the Consolidated Canal","6/1/2020","62","920","9",,,,,,,
1311,"MOC","Middle of the Consolidated Canal","srp","Middle of the Consolidated Canal","6/1/2020","400","194","15",,,,,,,
1312,"HTC","Head of the Tempe Canal","tempe","head of tempe canal","6/1/2020","57","TNTC","24",,,,,,,
1262,"SOCA","South Canal below CAP Cross-conect","srp","South canal below CAP","12/16/2019","65","397","TFTC",,,,,,,
1268,"R3","Waddell Canal","cap","waddell canal","12/16/2019",,,"11",,,,,,,
1271,"HOC","Head of the Consolidated Canal","srp","Head of the Consolidated Canal","12/16/2019","32","364","63",,,,,,,
1273,"HTC","Head of the Tempe Canal","tempe","head of tempe canal","12/16/2019","28","421","6",,,,,,,
1270,"R13","AZ Canal below CAP Cross-connect","srp","az canal blw cap","12/16/2019","48","574","TFTC",,,,,,,
